day_of_year,month,year,Household_ID,District,Village,y,Location,Net_type,Household_size,biweek_of_year
91,4,2021,Village_1_HH016,District_A,Village_1,0,Indoor,Net_A,3,7
91,4,2021,Village_1_HH016,District_A,Village_1,0,Outdoor,Net_A,3,7
91,4,2021,Village_1_HH024,District_A,Village_1,0,Indoor,Net_A,4,7
91,4,2021,Village_1_HH024,District_A,Village_1,0,Outdoor,Net_A,4,7
93,4,2021,Village_4_HH023,District_A,Village_2,0,Indoor,Net_A,6,7
93,4,2021,Village_4_HH023,District_A,Village_2,0,Outdoor,Net_A,6,7
93,4,2021,Village_7_HH006,District_A,Village_2,0,Indoor,Net_A,4,7
93,4,2021,Village_7_HH006,District_A,Village_2,0,Outdoor,Net_A,4,7
95,4,2021,Village_10_HH027,District_A,Village_3,0,Indoor,Net_A,4,7
95,4,2021,Village_10_HH027,District_A,Village_3,0,Outdoor,Net_A,4,7
95,4,2021,Village_5_HH022,District_A,Village_3,0,Indoor,Net_A,8,7
95,4,2021,Village_5_HH022,District_A,Village_3,1,Outdoor,Net_A,8,7
97,4,2021,Village_12_HH019,District_A,Village_4,0,Indoor,Net_A,7,7
97,4,2021,Village_12_HH019,District_A,Village_4,1,Outdoor,Net_A,7,7
97,4,2021,Village_2_HH014,District_A,Village_4,1,Indoor,Net_A,4,7
97,4,2021,Village_2_HH014,District_A,Village_4,0,Outdoor,Net_A,4,7
99,4,2021,Village_12_HH018,District_A,Village_5,0,Indoor,Net_A,3,8
99,4,2021,Village_12_HH018,District_A,Village_5,0,Outdoor,Net_A,3,8
99,4,2021,Village_8_HH017,District_A,Village_5,0,Indoor,Net_A,5,8
99,4,2021,Village_8_HH017,District_A,Village_5,1,Outdoor,Net_A,5,8
101,4,2021,Village_3_HH026,District_A,Village_6,0,Indoor,Net_A,4,8
101,4,2021,Village_3_HH026,District_A,Village_6,0,Outdoor,Net_A,4,8
101,4,2021,Village_4_HH025,District_A,Village_6,0,Indoor,Net_A,6,8
101,4,2021,Village_4_HH025,District_A,Village_6,0,Outdoor,Net_A,6,8
103,4,2021,Village_4_HH017,District_B,Village_7,0,Indoor,Net_A,7,8
103,4,2021,Village_4_HH017,District_B,Village_7,0,Outdoor,Net_A,7,8
103,4,2021,Village_9_HH025,District_B,Village_7,0,Indoor,Net_A,5,8
103,4,2021,Village_9_HH025,District_B,Village_7,0,Outdoor,Net_A,5,8
105,4,2021,Village_11_HH015,District_B,Village_8,0,Indoor,Net_A,6,8
105,4,2021,Village_11_HH015,District_B,Village_8,0,Outdoor,Net_A,6,8
105,4,2021,Village_3_HH013,District_B,Village_8,0,Indoor,Net_A,5,8
105,4,2021,Village_3_HH013,District_B,Village_8,0,Outdoor,Net_A,5,8
107,4,2021,Village_8_HH005,District_B,Village_9,1,Indoor,Net_A,10,8
107,4,2021,Village_8_HH005,District_B,Village_9,1,Outdoor,Net_A,10,8
107,4,2021,Village_8_HH017,District_B,Village_9,0,Indoor,Net_A,5,8
107,4,2021,Village_8_HH017,District_B,Village_9,1,Outdoor,Net_A,5,8
109,4,2021,Village_11_HH015,District_B,Village_10,2,Indoor,Net_A,6,8
109,4,2021,Village_11_HH015,District_B,Village_10,0,Outdoor,Net_A,6,8
109,4,2021,Village_2_HH021,District_B,Village_10,1,Indoor,Net_A,6,8
109,4,2021,Village_2_HH021,District_B,Village_10,0,Outdoor,Net_A,6,8
111,4,2021,Village_2_HH027,District_B,Village_11,0,Indoor,Net_A,10,8
111,4,2021,Village_2_HH027,District_B,Village_11,1,Outdoor,Net_A,10,8
111,4,2021,Village_9_HH026,District_B,Village_11,1,Indoor,Net_A,5,8
111,4,2021,Village_9_HH026,District_B,Village_11,1,Outdoor,Net_A,5,8
113,4,2021,Village_1_HH006,District_B,Village_12,1,Indoor,Net_A,5,9
113,4,2021,Village_1_HH006,District_B,Village_12,1,Outdoor,Net_A,5,9
113,4,2021,Village_6_HH019,District_B,Village_12,0,Indoor,Net_A,5,9
113,4,2021,Village_6_HH019,District_B,Village_12,0,Outdoor,Net_A,5,9
115,4,2021,Village_10_HH018,District_A,Village_1,0,Indoor,Net_A,4,9
115,4,2021,Village_10_HH018,District_A,Village_1,1,Outdoor,Net_A,4,9
115,4,2021,Village_7_HH030,District_A,Village_1,0,Indoor,Net_A,2,9
115,4,2021,Village_7_HH030,District_A,Village_1,0,Outdoor,Net_A,2,9
117,4,2021,Village_7_HH004,District_A,Village_2,0,Indoor,Net_A,7,9
117,4,2021,Village_7_HH004,District_A,Village_2,2,Outdoor,Net_A,7,9
117,4,2021,Village_9_HH004,District_A,Village_2,0,Indoor,Net_A,8,9
117,4,2021,Village_9_HH004,District_A,Village_2,1,Outdoor,Net_A,8,9
119,4,2021,Village_11_HH005,District_A,Village_3,0,Indoor,Net_A,3,9
119,4,2021,Village_11_HH005,District_A,Village_3,0,Outdoor,Net_A,3,9
119,4,2021,Village_8_HH015,District_A,Village_3,0,Indoor,Net_A,4,9
119,4,2021,Village_8_HH015,District_A,Village_3,0,Outdoor,Net_A,4,9
121,5,2021,Village_10_HH009,District_A,Village_4,3,Indoor,Net_A,8,9
121,5,2021,Village_10_HH009,District_A,Village_4,1,Outdoor,Net_A,8,9
121,5,2021,Village_6_HH011,District_A,Village_4,2,Indoor,Net_A,7,9
121,5,2021,Village_6_HH011,District_A,Village_4,0,Outdoor,Net_A,7,9
123,5,2021,Village_4_HH016,District_A,Village_5,0,Indoor,Net_A,3,9
123,5,2021,Village_4_HH016,District_A,Village_5,1,Outdoor,Net_A,3,9
123,5,2021,Village_7_HH020,District_A,Village_5,0,Indoor,Net_A,3,9
123,5,2021,Village_7_HH020,District_A,Village_5,0,Outdoor,Net_A,3,9
125,5,2021,Village_11_HH019,District_A,Village_6,0,Indoor,Net_A,2,9
125,5,2021,Village_11_HH019,District_A,Village_6,1,Outdoor,Net_A,2,9
125,5,2021,Village_6_HH001,District_A,Village_6,0,Indoor,Net_A,4,9
125,5,2021,Village_6_HH001,District_A,Village_6,1,Outdoor,Net_A,4,9
127,5,2021,Village_1_HH001,District_B,Village_7,0,Indoor,Net_A,6,10
127,5,2021,Village_1_HH001,District_B,Village_7,2,Outdoor,Net_A,6,10
127,5,2021,Village_3_HH002,District_B,Village_7,3,Indoor,Net_A,4,10
127,5,2021,Village_3_HH002,District_B,Village_7,1,Outdoor,Net_A,4,10
129,5,2021,Village_4_HH023,District_B,Village_8,3,Indoor,Net_A,6,10
129,5,2021,Village_4_HH023,District_B,Village_8,8,Outdoor,Net_A,6,10
129,5,2021,Village_6_HH017,District_B,Village_8,1,Indoor,Net_A,7,10
129,5,2021,Village_6_HH017,District_B,Village_8,2,Outdoor,Net_A,7,10
131,5,2021,Village_7_HH021,District_B,Village_9,5,Indoor,Net_A,4,10
131,5,2021,Village_7_HH021,District_B,Village_9,0,Outdoor,Net_A,4,10
131,5,2021,Village_8_HH029,District_B,Village_9,1,Indoor,Net_A,4,10
131,5,2021,Village_8_HH029,District_B,Village_9,0,Outdoor,Net_A,4,10
133,5,2021,Village_3_HH005,District_B,Village_10,5,Indoor,Net_A,6,10
133,5,2021,Village_3_HH005,District_B,Village_10,1,Outdoor,Net_A,6,10
133,5,2021,Village_4_HH001,District_B,Village_10,1,Indoor,Net_A,4,10
133,5,2021,Village_4_HH001,District_B,Village_10,1,Outdoor,Net_A,4,10
135,5,2021,Village_7_HH013,District_B,Village_11,2,Indoor,Net_A,5,10
135,5,2021,Village_7_HH013,District_B,Village_11,6,Outdoor,Net_A,5,10
135,5,2021,Village_8_HH002,District_B,Village_11,0,Indoor,Net_A,3,10
135,5,2021,Village_8_HH002,District_B,Village_11,0,Outdoor,Net_A,3,10
137,5,2021,Village_6_HH011,District_B,Village_12,6,Indoor,Net_A,7,10
137,5,2021,Village_6_HH011,District_B,Village_12,0,Outdoor,Net_A,7,10
137,5,2021,Village_6_HH028,District_B,Village_12,11,Indoor,Net_A,9,10
137,5,2021,Village_6_HH028,District_B,Village_12,3,Outdoor,Net_A,9,10
139,5,2021,Village_1_HH012,District_A,Village_1,3,Indoor,Net_A,5,10
139,5,2021,Village_1_HH012,District_A,Village_1,11,Outdoor,Net_A,5,10
139,5,2021,Village_2_HH004,District_A,Village_1,2,Indoor,Net_A,6,10
139,5,2021,Village_2_HH004,District_A,Village_1,2,Outdoor,Net_A,6,10
141,5,2021,Village_10_HH013,District_A,Village_2,16,Indoor,Net_A,9,11
141,5,2021,Village_10_HH013,District_A,Village_2,13,Outdoor,Net_A,9,11
141,5,2021,Village_5_HH026,District_A,Village_2,10,Indoor,Net_A,6,11
141,5,2021,Village_5_HH026,District_A,Village_2,4,Outdoor,Net_A,6,11
143,5,2021,Village_6_HH019,District_A,Village_3,6,Indoor,Net_A,5,11
143,5,2021,Village_6_HH019,District_A,Village_3,6,Outdoor,Net_A,5,11
143,5,2021,Village_9_HH021,District_A,Village_3,1,Indoor,Net_A,4,11
143,5,2021,Village_9_HH021,District_A,Village_3,3,Outdoor,Net_A,4,11
145,5,2021,Village_7_HH021,District_A,Village_4,9,Indoor,Net_A,4,11
145,5,2021,Village_7_HH021,District_A,Village_4,12,Outdoor,Net_A,4,11
145,5,2021,Village_8_HH021,District_A,Village_4,2,Indoor,Net_A,3,11
145,5,2021,Village_8_HH021,District_A,Village_4,2,Outdoor,Net_A,3,11
147,5,2021,Village_10_HH027,District_A,Village_5,17,Indoor,Net_A,4,11
147,5,2021,Village_10_HH027,District_A,Village_5,9,Outdoor,Net_A,4,11
147,5,2021,Village_3_HH012,District_A,Village_5,13,Indoor,Net_A,7,11
147,5,2021,Village_3_HH012,District_A,Village_5,8,Outdoor,Net_A,7,11
149,5,2021,Village_11_HH016,District_A,Village_6,4,Indoor,Net_A,7,11
149,5,2021,Village_11_HH016,District_A,Village_6,5,Outdoor,Net_A,7,11
149,5,2021,Village_7_HH020,District_A,Village_6,2,Indoor,Net_A,3,11
149,5,2021,Village_7_HH020,District_A,Village_6,0,Outdoor,Net_A,3,11
151,5,2021,Village_7_HH008,District_B,Village_7,1,Indoor,Net_A,2,11
151,5,2021,Village_7_HH008,District_B,Village_7,1,Outdoor,Net_A,2,11
151,5,2021,Village_9_HH014,District_B,Village_7,31,Indoor,Net_A,8,11
151,5,2021,Village_9_HH014,District_B,Village_7,39,Outdoor,Net_A,8,11
153,6,2021,Village_2_HH023,District_B,Village_8,13,Indoor,Net_A,3,11
153,6,2021,Village_2_HH023,District_B,Village_8,4,Outdoor,Net_A,3,11
153,6,2021,Village_8_HH020,District_B,Village_8,14,Indoor,Net_A,5,11
153,6,2021,Village_8_HH020,District_B,Village_8,3,Outdoor,Net_A,5,11
155,6,2021,Village_2_HH011,District_B,Village_9,15,Indoor,Net_A,3,12
155,6,2021,Village_2_HH011,District_B,Village_9,7,Outdoor,Net_A,3,12
155,6,2021,Village_9_HH028,District_B,Village_9,27,Indoor,Net_A,6,12
155,6,2021,Village_9_HH028,District_B,Village_9,11,Outdoor,Net_A,6,12
157,6,2021,Village_10_HH021,District_B,Village_10,28,Indoor,Net_A,6,12
157,6,2021,Village_10_HH021,District_B,Village_10,29,Outdoor,Net_A,6,12
157,6,2021,Village_9_HH019,District_B,Village_10,0,Indoor,Net_A,5,12
157,6,2021,Village_9_HH019,District_B,Village_10,25,Outdoor,Net_A,5,12
159,6,2021,Village_12_HH027,District_B,Village_11,2,Indoor,Net_A,5,12
159,6,2021,Village_12_HH027,District_B,Village_11,28,Outdoor,Net_A,5,12
159,6,2021,Village_6_HH026,District_B,Village_11,16,Indoor,Net_A,5,12
159,6,2021,Village_6_HH026,District_B,Village_11,12,Outdoor,Net_A,5,12
161,6,2021,Village_11_HH013,District_B,Village_12,27,Indoor,Net_A,7,12
161,6,2021,Village_11_HH013,District_B,Village_12,55,Outdoor,Net_A,7,12
161,6,2021,Village_12_HH006,District_B,Village_12,47,Indoor,Net_A,7,12
161,6,2021,Village_12_HH006,District_B,Village_12,33,Outdoor,Net_A,7,12
163,6,2021,Village_10_HH027,District_A,Village_1,19,Indoor,Net_A,4,12
163,6,2021,Village_10_HH027,District_A,Village_1,30,Outdoor,Net_A,4,12
163,6,2021,Village_7_HH025,District_A,Village_1,49,Indoor,Net_A,9,12
163,6,2021,Village_7_HH025,District_A,Village_1,36,Outdoor,Net_A,9,12
165,6,2021,Village_3_HH001,District_A,Village_2,1,Indoor,Net_A,5,12
165,6,2021,Village_3_HH001,District_A,Village_2,98,Outdoor,Net_A,5,12
165,6,2021,Village_6_HH021,District_A,Village_2,25,Indoor,Net_A,4,12
165,6,2021,Village_6_HH021,District_A,Village_2,17,Outdoor,Net_A,4,12
167,6,2021,Village_10_HH020,District_A,Village_3,5,Indoor,Net_A,3,12
167,6,2021,Village_10_HH020,District_A,Village_3,32,Outdoor,Net_A,3,12
167,6,2021,Village_7_HH024,District_A,Village_3,70,Indoor,Net_A,7,12
167,6,2021,Village_7_HH024,District_A,Village_3,55,Outdoor,Net_A,7,12
169,6,2021,Village_10_HH002,District_A,Village_4,91,Indoor,Net_A,6,13
169,6,2021,Village_10_HH002,District_A,Village_4,37,Outdoor,Net_A,6,13
169,6,2021,Village_10_HH011,District_A,Village_4,90,Indoor,Net_A,8,13
169,6,2021,Village_10_HH011,District_A,Village_4,26,Outdoor,Net_A,8,13
171,6,2021,Village_2_HH029,District_A,Village_5,53,Indoor,Net_A,5,13
171,6,2021,Village_2_HH029,District_A,Village_5,43,Outdoor,Net_A,5,13
171,6,2021,Village_8_HH027,District_A,Village_5,99,Indoor,Net_A,7,13
171,6,2021,Village_8_HH027,District_A,Village_5,37,Outdoor,Net_A,7,13
173,6,2021,Village_4_HH019,District_A,Village_6,3,Indoor,Net_A,2,13
173,6,2021,Village_4_HH019,District_A,Village_6,9,Outdoor,Net_A,2,13
173,6,2021,Village_5_HH015,District_A,Village_6,68,Indoor,Net_A,6,13
173,6,2021,Village_5_HH015,District_A,Village_6,12,Outdoor,Net_A,6,13
175,6,2021,Village_3_HH023,District_B,Village_7,98,Indoor,Net_A,6,13
175,6,2021,Village_3_HH023,District_B,Village_7,34,Outdoor,Net_A,6,13
175,6,2021,Village_8_HH014,District_B,Village_7,106,Indoor,Net_A,6,13
175,6,2021,Village_8_HH014,District_B,Village_7,50,Outdoor,Net_A,6,13
177,6,2021,Village_10_HH023,District_B,Village_8,98,Indoor,Net_A,5,13
177,6,2021,Village_10_HH023,District_B,Village_8,39,Outdoor,Net_A,5,13
177,6,2021,Village_11_HH019,District_B,Village_8,27,Indoor,Net_A,2,13
177,6,2021,Village_11_HH019,District_B,Village_8,48,Outdoor,Net_A,2,13
179,6,2021,Village_3_HH007,District_B,Village_9,98,Indoor,Net_A,7,13
179,6,2021,Village_3_HH007,District_B,Village_9,152,Outdoor,Net_A,7,13
179,6,2021,Village_9_HH013,District_B,Village_9,38,Indoor,Net_A,3,13
179,6,2021,Village_9_HH013,District_B,Village_9,28,Outdoor,Net_A,3,13
181,6,2021,Village_4_HH028,District_B,Village_10,7,Indoor,Net_A,8,13
181,6,2021,Village_4_HH028,District_B,Village_10,120,Outdoor,Net_A,8,13
181,6,2021,Village_7_HH009,District_B,Village_10,89,Indoor,Net_A,5,13
181,6,2021,Village_7_HH009,District_B,Village_10,194,Outdoor,Net_A,5,13
183,7,2021,Village_3_HH025,District_B,Village_11,25,Indoor,Net_A,6,14
183,7,2021,Village_3_HH025,District_B,Village_11,60,Outdoor,Net_A,6,14
183,7,2021,Village_8_HH019,District_B,Village_11,280,Indoor,Net_A,8,14
183,7,2021,Village_8_HH019,District_B,Village_11,245,Outdoor,Net_A,8,14
185,7,2021,Village_11_HH029,District_B,Village_12,279,Indoor,Net_A,7,14
185,7,2021,Village_11_HH029,District_B,Village_12,82,Outdoor,Net_A,7,14
185,7,2021,Village_4_HH020,District_B,Village_12,87,Indoor,Net_A,4,14
185,7,2021,Village_4_HH020,District_B,Village_12,194,Outdoor,Net_A,4,14
187,7,2021,Village_1_HH015,District_A,Village_1,63,Indoor,Net_A,10,14
187,7,2021,Village_1_HH015,District_A,Village_1,102,Outdoor,Net_A,10,14
187,7,2021,Village_3_HH029,District_A,Village_1,97,Indoor,Net_A,9,14
187,7,2021,Village_3_HH029,District_A,Village_1,128,Outdoor,Net_A,9,14
189,7,2021,Village_12_HH026,District_A,Village_2,136,Indoor,Net_A,8,14
189,7,2021,Village_12_HH026,District_A,Village_2,11,Outdoor,Net_A,8,14
189,7,2021,Village_6_HH022,District_A,Village_2,25,Indoor,Net_A,5,14
189,7,2021,Village_6_HH022,District_A,Village_2,153,Outdoor,Net_A,5,14
191,7,2021,Village_2_HH002,District_A,Village_3,64,Indoor,Net_A,5,14
191,7,2021,Village_2_HH002,District_A,Village_3,68,Outdoor,Net_A,5,14
191,7,2021,Village_6_HH005,District_A,Village_3,81,Indoor,Net_A,6,14
191,7,2021,Village_6_HH005,District_A,Village_3,148,Outdoor,Net_A,6,14
193,7,2021,Village_12_HH024,District_A,Village_4,113,Indoor,Net_A,7,14
193,7,2021,Village_12_HH024,District_A,Village_4,49,Outdoor,Net_A,7,14
193,7,2021,Village_6_HH016,District_A,Village_4,240,Indoor,Net_A,7,14
193,7,2021,Village_6_HH016,District_A,Village_4,16,Outdoor,Net_A,7,14
195,7,2021,Village_6_HH007,District_A,Village_5,134,Indoor,Net_A,8,14
195,7,2021,Village_6_HH007,District_A,Village_5,10,Outdoor,Net_A,8,14
195,7,2021,Village_6_HH030,District_A,Village_5,59,Indoor,Net_A,7,14
195,7,2021,Village_6_HH030,District_A,Village_5,184,Outdoor,Net_A,7,14
197,7,2021,Village_10_HH020,District_A,Village_6,5,Indoor,Net_A,3,15
197,7,2021,Village_10_HH020,District_A,Village_6,31,Outdoor,Net_A,3,15
197,7,2021,Village_1_HH001,District_A,Village_6,12,Indoor,Net_A,6,15
197,7,2021,Village_1_HH001,District_A,Village_6,98,Outdoor,Net_A,6,15
199,7,2021,Village_7_HH004,District_B,Village_7,131,Indoor,Net_A,7,15
199,7,2021,Village_7_HH004,District_B,Village_7,207,Outdoor,Net_A,7,15
199,7,2021,Village_9_HH023,District_B,Village_7,185,Indoor,Net_A,6,15
199,7,2021,Village_9_HH023,District_B,Village_7,135,Outdoor,Net_A,6,15
201,7,2021,Village_3_HH026,District_B,Village_8,38,Indoor,Net_A,4,15
201,7,2021,Village_3_HH026,District_B,Village_8,89,Outdoor,Net_A,4,15
201,7,2021,Village_4_HH023,District_B,Village_8,174,Indoor,Net_A,6,15
201,7,2021,Village_4_HH023,District_B,Village_8,143,Outdoor,Net_A,6,15
203,7,2021,Village_11_HH030,District_B,Village_9,86,Indoor,Net_A,6,15
203,7,2021,Village_11_HH030,District_B,Village_9,61,Outdoor,Net_A,6,15
203,7,2021,Village_4_HH022,District_B,Village_9,3,Indoor,Net_A,3,15
203,7,2021,Village_4_HH022,District_B,Village_9,126,Outdoor,Net_A,3,15
205,7,2021,Village_2_HH022,District_B,Village_10,250,Indoor,Net_A,6,15
205,7,2021,Village_2_HH022,District_B,Village_10,282,Outdoor,Net_A,6,15
205,7,2021,Village_8_HH004,District_B,Village_10,92,Indoor,Net_A,7,15
205,7,2021,Village_8_HH004,District_B,Village_10,88,Outdoor,Net_A,7,15
207,7,2021,Village_6_HH023,District_B,Village_11,201,Indoor,Net_A,4,15
207,7,2021,Village_6_HH023,District_B,Village_11,77,Outdoor,Net_A,4,15
207,7,2021,Village_7_HH004,District_B,Village_11,145,Indoor,Net_A,7,15
207,7,2021,Village_7_HH004,District_B,Village_11,388,Outdoor,Net_A,7,15
209,7,2021,Village_1_HH001,District_B,Village_12,139,Indoor,Net_A,6,15
209,7,2021,Village_1_HH001,District_B,Village_12,731,Outdoor,Net_A,6,15
209,7,2021,Village_8_HH005,District_B,Village_12,587,Indoor,Net_A,10,15
209,7,2021,Village_8_HH005,District_B,Village_12,210,Outdoor,Net_A,10,15
211,7,2021,Village_6_HH019,District_A,Village_1,212,Indoor,Net_A,5,16
211,7,2021,Village_6_HH019,District_A,Village_1,144,Outdoor,Net_A,5,16
211,7,2021,Village_9_HH008,District_A,Village_1,278,Indoor,Net_A,8,16
211,7,2021,Village_9_HH008,District_A,Village_1,401,Outdoor,Net_A,8,16
213,8,2021,Village_11_HH014,District_A,Village_2,125,Indoor,Net_A,4,16
213,8,2021,Village_11_HH014,District_A,Village_2,79,Outdoor,Net_A,4,16
213,8,2021,Village_1_HH010,District_A,Village_2,68,Indoor,Net_A,6,16
213,8,2021,Village_1_HH010,District_A,Village_2,271,Outdoor,Net_A,6,16
215,8,2021,Village_3_HH008,District_A,Village_3,100,Indoor,Net_A,3,16
215,8,2021,Village_3_HH008,District_A,Village_3,103,Outdoor,Net_A,3,16
215,8,2021,Village_9_HH010,District_A,Village_3,59,Indoor,Net_A,6,16
215,8,2021,Village_9_HH010,District_A,Village_3,103,Outdoor,Net_A,6,16
217,8,2021,Village_2_HH005,District_A,Village_4,62,Indoor,Net_A,3,16
217,8,2021,Village_2_HH005,District_A,Village_4,20,Outdoor,Net_A,3,16
217,8,2021,Village_8_HH004,District_A,Village_4,66,Indoor,Net_A,7,16
217,8,2021,Village_8_HH004,District_A,Village_4,9,Outdoor,Net_A,7,16
219,8,2021,Village_12_HH030,District_A,Village_5,66,Indoor,Net_A,6,16
219,8,2021,Village_12_HH030,District_A,Village_5,53,Outdoor,Net_A,6,16
219,8,2021,Village_1_HH025,District_A,Village_5,45,Indoor,Net_A,5,16
219,8,2021,Village_1_HH025,District_A,Village_5,186,Outdoor,Net_A,5,16
221,8,2021,Village_6_HH021,District_A,Village_6,146,Indoor,Net_A,4,16
221,8,2021,Village_6_HH021,District_A,Village_6,47,Outdoor,Net_A,4,16
221,8,2021,Village_9_HH019,District_A,Village_6,34,Indoor,Net_A,5,16
221,8,2021,Village_9_HH019,District_A,Village_6,5,Outdoor,Net_A,5,16
223,8,2021,Village_10_HH025,District_B,Village_7,8,Indoor,Net_A,2,16
223,8,2021,Village_10_HH025,District_B,Village_7,46,Outdoor,Net_A,2,16
223,8,2021,Village_9_HH017,District_B,Village_7,34,Indoor,Net_A,5,16
223,8,2021,Village_9_HH017,District_B,Village_7,128,Outdoor,Net_A,5,16
225,8,2021,Village_1_HH013,District_B,Village_8,44,Indoor,Net_A,3,17
225,8,2021,Village_1_HH013,District_B,Village_8,76,Outdoor,Net_A,3,17
225,8,2021,Village_4_HH019,District_B,Village_8,51,Indoor,Net_A,2,17
225,8,2021,Village_4_HH019,District_B,Village_8,76,Outdoor,Net_A,2,17
227,8,2021,Village_10_HH019,District_B,Village_9,99,Indoor,Net_A,3,17
227,8,2021,Village_10_HH019,District_B,Village_9,78,Outdoor,Net_A,3,17
227,8,2021,Village_5_HH013,District_B,Village_9,271,Indoor,Net_A,6,17
227,8,2021,Village_5_HH013,District_B,Village_9,353,Outdoor,Net_A,6,17
229,8,2021,Village_1_HH008,District_B,Village_10,196,Indoor,Net_A,4,17
229,8,2021,Village_1_HH008,District_B,Village_10,150,Outdoor,Net_A,4,17
229,8,2021,Village_4_HH017,District_B,Village_10,85,Indoor,Net_A,7,17
229,8,2021,Village_4_HH017,District_B,Village_10,104,Outdoor,Net_A,7,17
231,8,2021,Village_12_HH020,District_B,Village_11,215,Indoor,Net_A,4,17
231,8,2021,Village_12_HH020,District_B,Village_11,91,Outdoor,Net_A,4,17
231,8,2021,Village_3_HH013,District_B,Village_11,53,Indoor,Net_A,5,17
231,8,2021,Village_3_HH013,District_B,Village_11,40,Outdoor,Net_A,5,17
233,8,2021,Village_12_HH010,District_B,Village_12,22,Indoor,Net_A,4,17
233,8,2021,Village_12_HH010,District_B,Village_12,278,Outdoor,Net_A,4,17
233,8,2021,Village_4_HH025,District_B,Village_12,277,Indoor,Net_A,6,17
233,8,2021,Village_4_HH025,District_B,Village_12,79,Outdoor,Net_A,6,17
235,8,2021,Village_5_HH029,District_A,Village_1,105,Indoor,Net_A,6,17
235,8,2021,Village_5_HH029,District_A,Village_1,78,Outdoor,Net_A,6,17
235,8,2021,Village_9_HH014,District_A,Village_1,58,Indoor,Net_A,8,17
235,8,2021,Village_9_HH014,District_A,Village_1,204,Outdoor,Net_A,8,17
237,8,2021,Village_9_HH017,District_A,Village_2,20,Indoor,Net_A,5,17
237,8,2021,Village_9_HH017,District_A,Village_2,35,Outdoor,Net_A,5,17
237,8,2021,Village_9_HH028,District_A,Village_2,211,Indoor,Net_A,6,17
237,8,2021,Village_9_HH028,District_A,Village_2,138,Outdoor,Net_A,6,17
239,8,2021,Village_12_HH030,District_A,Village_3,11,Indoor,Net_A,6,18
239,8,2021,Village_12_HH030,District_A,Village_3,99,Outdoor,Net_A,6,18
239,8,2021,Village_1_HH026,District_A,Village_3,68,Indoor,Net_A,5,18
239,8,2021,Village_1_HH026,District_A,Village_3,183,Outdoor,Net_A,5,18
241,8,2021,Village_12_HH007,District_A,Village_4,76,Indoor,Net_A,6,18
241,8,2021,Village_12_HH007,District_A,Village_4,21,Outdoor,Net_A,6,18
241,8,2021,Village_8_HH010,District_A,Village_4,186,Indoor,Net_A,7,18
241,8,2021,Village_8_HH010,District_A,Village_4,17,Outdoor,Net_A,7,18
243,8,2021,Village_1_HH023,District_A,Village_5,256,Indoor,Net_A,7,18
243,8,2021,Village_1_HH023,District_A,Village_5,35,Outdoor,Net_A,7,18
243,8,2021,Village_2_HH024,District_A,Village_5,109,Indoor,Net_A,9,18
243,8,2021,Village_2_HH024,District_A,Village_5,38,Outdoor,Net_A,9,18
245,9,2021,Village_11_HH013,District_A,Village_6,44,Indoor,Net_A,7,18
245,9,2021,Village_11_HH013,District_A,Village_6,59,Outdoor,Net_A,7,18
245,9,2021,Village_3_HH013,District_A,Village_6,35,Indoor,Net_A,5,18
245,9,2021,Village_3_HH013,District_A,Village_6,19,Outdoor,Net_A,5,18
247,9,2021,Village_3_HH030,District_B,Village_7,93,Indoor,Net_A,4,18
247,9,2021,Village_3_HH030,District_B,Village_7,32,Outdoor,Net_A,4,18
247,9,2021,Village_9_HH024,District_B,Village_7,11,Indoor,Net_A,4,18
247,9,2021,Village_9_HH024,District_B,Village_7,37,Outdoor,Net_A,4,18
249,9,2021,Village_4_HH021,District_B,Village_8,23,Indoor,Net_A,5,18
249,9,2021,Village_4_HH021,District_B,Village_8,37,Outdoor,Net_A,5,18
249,9,2021,Village_7_HH024,District_B,Village_8,68,Indoor,Net_A,7,18
249,9,2021,Village_7_HH024,District_B,Village_8,37,Outdoor,Net_A,7,18
251,9,2021,Village_8_HH028,District_B,Village_9,136,Indoor,Net_A,4,18
251,9,2021,Village_8_HH028,District_B,Village_9,16,Outdoor,Net_A,4,18
251,9,2021,Village_9_HH020,District_B,Village_9,14,Indoor,Net_A,5,18
251,9,2021,Village_9_HH020,District_B,Village_9,25,Outdoor,Net_A,5,18
253,9,2021,Village_4_HH013,District_B,Village_10,20,Indoor,Net_A,2,19
253,9,2021,Village_4_HH013,District_B,Village_10,9,Outdoor,Net_A,2,19
253,9,2021,Village_4_HH018,District_B,Village_10,43,Indoor,Net_A,7,19
253,9,2021,Village_4_HH018,District_B,Village_10,15,Outdoor,Net_A,7,19
255,9,2021,Village_2_HH029,District_B,Village_11,9,Indoor,Net_A,5,19
255,9,2021,Village_2_HH029,District_B,Village_11,27,Outdoor,Net_A,5,19
255,9,2021,Village_4_HH007,District_B,Village_11,14,Indoor,Net_A,3,19
255,9,2021,Village_4_HH007,District_B,Village_11,5,Outdoor,Net_A,3,19
257,9,2021,Village_6_HH002,District_B,Village_12,21,Indoor,Net_A,4,19
257,9,2021,Village_6_HH002,District_B,Village_12,35,Outdoor,Net_A,4,19
257,9,2021,Village_8_HH016,District_B,Village_12,57,Indoor,Net_A,5,19
257,9,2021,Village_8_HH016,District_B,Village_12,38,Outdoor,Net_A,5,19
259,9,2021,Village_12_HH028,District_A,Village_1,18,Indoor,Net_A,4,19
259,9,2021,Village_12_HH028,District_A,Village_1,12,Outdoor,Net_A,4,19
259,9,2021,Village_7_HH010,District_A,Village_1,23,Indoor,Net_A,6,19
259,9,2021,Village_7_HH010,District_A,Village_1,15,Outdoor,Net_A,6,19
261,9,2021,Village_10_HH014,District_A,Village_2,50,Indoor,Net_A,8,19
261,9,2021,Village_10_HH014,District_A,Village_2,70,Outdoor,Net_A,8,19
261,9,2021,Village_7_HH022,District_A,Village_2,8,Indoor,Net_A,9,19
261,9,2021,Village_7_HH022,District_A,Village_2,20,Outdoor,Net_A,9,19
263,9,2021,Village_2_HH007,District_A,Village_3,10,Indoor,Net_A,5,19
263,9,2021,Village_2_HH007,District_A,Village_3,13,Outdoor,Net_A,5,19
263,9,2021,Village_8_HH013,District_A,Village_3,22,Indoor,Net_A,6,19
263,9,2021,Village_8_HH013,District_A,Village_3,4,Outdoor,Net_A,6,19
265,9,2021,Village_4_HH013,District_A,Village_4,4,Indoor,Net_A,2,19
265,9,2021,Village_4_HH013,District_A,Village_4,3,Outdoor,Net_A,2,19
265,9,2021,Village_7_HH024,District_A,Village_4,35,Indoor,Net_A,7,19
265,9,2021,Village_7_HH024,District_A,Village_4,36,Outdoor,Net_A,7,19
267,9,2021,Village_10_HH019,District_A,Village_5,6,Indoor,Net_A,3,20
267,9,2021,Village_10_HH019,District_A,Village_5,10,Outdoor,Net_A,3,20
267,9,2021,Village_5_HH020,District_A,Village_5,13,Indoor,Net_A,6,20
267,9,2021,Village_5_HH020,District_A,Village_5,4,Outdoor,Net_A,6,20
269,9,2021,Village_2_HH029,District_A,Village_6,9,Indoor,Net_A,5,20
269,9,2021,Village_2_HH029,District_A,Village_6,16,Outdoor,Net_A,5,20
269,9,2021,Village_3_HH003,District_A,Village_6,5,Indoor,Net_A,7,20
269,9,2021,Village_3_HH003,District_A,Village_6,2,Outdoor,Net_A,7,20
271,9,2021,Village_1_HH030,District_B,Village_7,6,Indoor,Net_A,7,20
271,9,2021,Village_1_HH030,District_B,Village_7,31,Outdoor,Net_A,7,20
271,9,2021,Village_9_HH005,District_B,Village_7,26,Indoor,Net_A,5,20
271,9,2021,Village_9_HH005,District_B,Village_7,7,Outdoor,Net_A,5,20
273,9,2021,Village_2_HH027,District_B,Village_8,22,Indoor,Net_A,10,20
273,9,2021,Village_2_HH027,District_B,Village_8,16,Outdoor,Net_A,10,20
273,9,2021,Village_6_HH019,District_B,Village_8,17,Indoor,Net_A,5,20
273,9,2021,Village_6_HH019,District_B,Village_8,4,Outdoor,Net_A,5,20
275,10,2021,Village_10_HH020,District_B,Village_9,3,Indoor,Net_A,3,20
275,10,2021,Village_10_HH020,District_B,Village_9,5,Outdoor,Net_A,3,20
275,10,2021,Village_6_HH020,District_B,Village_9,17,Indoor,Net_A,5,20
275,10,2021,Village_6_HH020,District_B,Village_9,5,Outdoor,Net_A,5,20
277,10,2021,Village_4_HH027,District_B,Village_10,3,Indoor,Net_A,8,20
277,10,2021,Village_4_HH027,District_B,Village_10,10,Outdoor,Net_A,8,20
277,10,2021,Village_5_HH002,District_B,Village_10,6,Indoor,Net_A,4,20
277,10,2021,Village_5_HH002,District_B,Village_10,4,Outdoor,Net_A,4,20
279,10,2021,Village_10_HH011,District_B,Village_11,1,Indoor,Net_A,8,20
279,10,2021,Village_10_HH011,District_B,Village_11,4,Outdoor,Net_A,8,20
279,10,2021,Village_5_HH005,District_B,Village_11,1,Indoor,Net_A,8,20
279,10,2021,Village_5_HH005,District_B,Village_11,6,Outdoor,Net_A,8,20
281,10,2021,Village_4_HH027,District_B,Village_12,22,Indoor,Net_A,8,21
281,10,2021,Village_4_HH027,District_B,Village_12,12,Outdoor,Net_A,8,21
281,10,2021,Village_9_HH017,District_B,Village_12,1,Indoor,Net_A,5,21
281,10,2021,Village_9_HH017,District_B,Village_12,6,Outdoor,Net_A,5,21
283,10,2021,Village_4_HH022,District_A,Village_1,2,Indoor,Net_A,3,21
283,10,2021,Village_4_HH022,District_A,Village_1,2,Outdoor,Net_A,3,21
283,10,2021,Village_6_HH009,District_A,Village_1,5,Indoor,Net_A,8,21
283,10,2021,Village_6_HH009,District_A,Village_1,2,Outdoor,Net_A,8,21
285,10,2021,Village_10_HH027,District_A,Village_2,6,Indoor,Net_A,4,21
285,10,2021,Village_10_HH027,District_A,Village_2,1,Outdoor,Net_A,4,21
285,10,2021,Village_3_HH010,District_A,Village_2,0,Indoor,Net_A,6,21
285,10,2021,Village_3_HH010,District_A,Village_2,3,Outdoor,Net_A,6,21
287,10,2021,Village_10_HH004,District_A,Village_3,2,Indoor,Net_A,4,21
287,10,2021,Village_10_HH004,District_A,Village_3,0,Outdoor,Net_A,4,21
287,10,2021,Village_4_HH024,District_A,Village_3,1,Indoor,Net_A,2,21
287,10,2021,Village_4_HH024,District_A,Village_3,0,Outdoor,Net_A,2,21
289,10,2021,Village_4_HH004,District_A,Village_4,0,Indoor,Net_A,7,21
289,10,2021,Village_4_HH004,District_A,Village_4,4,Outdoor,Net_A,7,21
289,10,2021,Village_4_HH026,District_A,Village_4,1,Indoor,Net_A,5,21
289,10,2021,Village_4_HH026,District_A,Village_4,2,Outdoor,Net_A,5,21
291,10,2021,Village_11_HH027,District_A,Village_5,2,Indoor,Net_A,2,21
291,10,2021,Village_11_HH027,District_A,Village_5,0,Outdoor,Net_A,2,21
291,10,2021,Village_3_HH006,District_A,Village_5,1,Indoor,Net_A,4,21
291,10,2021,Village_3_HH006,District_A,Village_5,1,Outdoor,Net_A,4,21
293,10,2021,Village_3_HH020,District_A,Village_6,0,Indoor,Net_A,4,21
293,10,2021,Village_3_HH020,District_A,Village_6,1,Outdoor,Net_A,4,21
293,10,2021,Village_9_HH015,District_A,Village_6,3,Indoor,Net_A,8,21
293,10,2021,Village_9_HH015,District_A,Village_6,1,Outdoor,Net_A,8,21
295,10,2021,Village_3_HH012,District_B,Village_7,0,Indoor,Net_A,7,22
295,10,2021,Village_3_HH012,District_B,Village_7,0,Outdoor,Net_A,7,22
295,10,2021,Village_9_HH030,District_B,Village_7,2,Indoor,Net_A,5,22
295,10,2021,Village_9_HH030,District_B,Village_7,1,Outdoor,Net_A,5,22
297,10,2021,Village_11_HH023,District_B,Village_8,0,Indoor,Net_A,6,22
297,10,2021,Village_11_HH023,District_B,Village_8,0,Outdoor,Net_A,6,22
297,10,2021,Village_3_HH026,District_B,Village_8,0,Indoor,Net_A,4,22
297,10,2021,Village_3_HH026,District_B,Village_8,1,Outdoor,Net_A,4,22
299,10,2021,Village_1_HH027,District_B,Village_9,0,Indoor,Net_A,6,22
299,10,2021,Village_1_HH027,District_B,Village_9,1,Outdoor,Net_A,6,22
299,10,2021,Village_2_HH018,District_B,Village_9,1,Indoor,Net_A,8,22
299,10,2021,Village_2_HH018,District_B,Village_9,0,Outdoor,Net_A,8,22
301,10,2021,Village_10_HH026,District_B,Village_10,2,Indoor,Net_A,7,22
301,10,2021,Village_10_HH026,District_B,Village_10,0,Outdoor,Net_A,7,22
301,10,2021,Village_4_HH014,District_B,Village_10,0,Indoor,Net_A,2,22
301,10,2021,Village_4_HH014,District_B,Village_10,2,Outdoor,Net_A,2,22
303,10,2021,Village_10_HH026,District_B,Village_11,1,Indoor,Net_A,7,22
303,10,2021,Village_10_HH026,District_B,Village_11,0,Outdoor,Net_A,7,22
303,10,2021,Village_5_HH016,District_B,Village_11,2,Indoor,Net_A,10,22
303,10,2021,Village_5_HH016,District_B,Village_11,1,Outdoor,Net_A,10,22
91,4,2022,Village_3_HH004,District_B,Village_12,2,Indoor,Net_A,9,7
91,4,2022,Village_3_HH004,District_B,Village_12,1,Outdoor,Net_A,9,7
91,4,2022,Village_9_HH003,District_B,Village_12,0,Indoor,Net_A,3,7
91,4,2022,Village_9_HH003,District_B,Village_12,0,Outdoor,Net_A,3,7
93,4,2022,Village_2_HH016,District_A,Village_1,0,Indoor,Net_A,5,7
93,4,2022,Village_2_HH016,District_A,Village_1,0,Outdoor,Net_A,5,7
93,4,2022,Village_8_HH010,District_A,Village_1,0,Indoor,Net_A,7,7
93,4,2022,Village_8_HH010,District_A,Village_1,0,Outdoor,Net_A,7,7
95,4,2022,Village_10_HH008,District_A,Village_2,0,Indoor,Net_A,5,7
95,4,2022,Village_10_HH008,District_A,Village_2,0,Outdoor,Net_A,5,7
95,4,2022,Village_3_HH009,District_A,Village_2,0,Indoor,Net_A,6,7
95,4,2022,Village_3_HH009,District_A,Village_2,0,Outdoor,Net_A,6,7
97,4,2022,Village_6_HH024,District_A,Village_3,0,Indoor,Net_A,4,7
97,4,2022,Village_6_HH024,District_A,Village_3,0,Outdoor,Net_A,4,7
97,4,2022,Village_8_HH017,District_A,Village_3,0,Indoor,Net_A,5,7
97,4,2022,Village_8_HH017,District_A,Village_3,0,Outdoor,Net_A,5,7
99,4,2022,Village_4_HH029,District_A,Village_4,0,Indoor,Net_A,6,8
99,4,2022,Village_4_HH029,District_A,Village_4,0,Outdoor,Net_A,6,8
99,4,2022,Village_5_HH026,District_A,Village_4,0,Indoor,Net_A,6,8
99,4,2022,Village_5_HH026,District_A,Village_4,0,Outdoor,Net_A,6,8
101,4,2022,Village_5_HH009,District_A,Village_5,1,Indoor,Net_A,6,8
101,4,2022,Village_5_HH009,District_A,Village_5,0,Outdoor,Net_A,6,8
101,4,2022,Village_9_HH002,District_A,Village_5,0,Indoor,Net_A,4,8
101,4,2022,Village_9_HH002,District_A,Village_5,0,Outdoor,Net_A,4,8
103,4,2022,Village_10_HH005,District_A,Village_6,0,Indoor,Net_A,6,8
103,4,2022,Village_10_HH005,District_A,Village_6,1,Outdoor,Net_A,6,8
103,4,2022,Village_12_HH005,District_A,Village_6,0,Indoor,Net_A,5,8
103,4,2022,Village_12_HH005,District_A,Village_6,0,Outdoor,Net_A,5,8
105,4,2022,Village_7_HH012,District_B,Village_7,0,Indoor,Net_A,5,8
105,4,2022,Village_7_HH012,District_B,Village_7,0,Outdoor,Net_A,5,8
105,4,2022,Village_9_HH028,District_B,Village_7,2,Indoor,Net_A,6,8
105,4,2022,Village_9_HH028,District_B,Village_7,0,Outdoor,Net_A,6,8
107,4,2022,Village_5_HH019,District_B,Village_8,1,Indoor,Net_A,7,8
107,4,2022,Village_5_HH019,District_B,Village_8,0,Outdoor,Net_A,7,8
107,4,2022,Village_9_HH011,District_B,Village_8,0,Indoor,Net_A,9,8
107,4,2022,Village_9_HH011,District_B,Village_8,0,Outdoor,Net_A,9,8
109,4,2022,Village_11_HH004,District_B,Village_9,2,Indoor,Net_A,5,8
109,4,2022,Village_11_HH004,District_B,Village_9,0,Outdoor,Net_A,5,8
109,4,2022,Village_1_HH007,District_B,Village_9,0,Indoor,Net_A,3,8
109,4,2022,Village_1_HH007,District_B,Village_9,0,Outdoor,Net_A,3,8
111,4,2022,Village_12_HH010,District_B,Village_10,0,Indoor,Net_A,4,8
111,4,2022,Village_12_HH010,District_B,Village_10,0,Outdoor,Net_A,4,8
111,4,2022,Village_12_HH028,District_B,Village_10,1,Indoor,Net_A,4,8
111,4,2022,Village_12_HH028,District_B,Village_10,0,Outdoor,Net_A,4,8
113,4,2022,Village_1_HH005,District_B,Village_11,0,Indoor,Net_A,5,9
113,4,2022,Village_1_HH005,District_B,Village_11,1,Outdoor,Net_A,5,9
113,4,2022,Village_9_HH002,District_B,Village_11,1,Indoor,Net_A,4,9
113,4,2022,Village_9_HH002,District_B,Village_11,0,Outdoor,Net_A,4,9
115,4,2022,Village_10_HH022,District_B,Village_12,1,Indoor,Net_A,5,9
115,4,2022,Village_10_HH022,District_B,Village_12,0,Outdoor,Net_A,5,9
115,4,2022,Village_9_HH015,District_B,Village_12,0,Indoor,Net_A,8,9
115,4,2022,Village_9_HH015,District_B,Village_12,1,Outdoor,Net_A,8,9
117,4,2022,Village_4_HH017,District_A,Village_1,1,Indoor,Net_A,7,9
117,4,2022,Village_4_HH017,District_A,Village_1,0,Outdoor,Net_A,7,9
117,4,2022,Village_6_HH011,District_A,Village_1,2,Indoor,Net_A,7,9
117,4,2022,Village_6_HH011,District_A,Village_1,0,Outdoor,Net_A,7,9
119,4,2022,Village_1_HH023,District_A,Village_2,2,Indoor,Net_A,7,9
119,4,2022,Village_1_HH023,District_A,Village_2,0,Outdoor,Net_A,7,9
119,4,2022,Village_2_HH027,District_A,Village_2,0,Indoor,Net_A,10,9
119,4,2022,Village_2_HH027,District_A,Village_2,0,Outdoor,Net_A,10,9
121,5,2022,Village_12_HH006,District_A,Village_3,0,Indoor,Net_A,7,9
121,5,2022,Village_12_HH006,District_A,Village_3,1,Outdoor,Net_A,7,9
121,5,2022,Village_8_HH005,District_A,Village_3,1,Indoor,Net_A,10,9
121,5,2022,Village_8_HH005,District_A,Village_3,2,Outdoor,Net_A,10,9
123,5,2022,Village_1_HH005,District_A,Village_4,0,Indoor,Net_A,5,9
123,5,2022,Village_1_HH005,District_A,Village_4,0,Outdoor,Net_A,5,9
123,5,2022,Village_6_HH024,District_A,Village_4,0,Indoor,Net_A,4,9
123,5,2022,Village_6_HH024,District_A,Village_4,0,Outdoor,Net_A,4,9
125,5,2022,Village_3_HH025,District_A,Village_5,3,Indoor,Net_A,6,9
125,5,2022,Village_3_HH025,District_A,Village_5,0,Outdoor,Net_A,6,9
125,5,2022,Village_5_HH024,District_A,Village_5,0,Indoor,Net_A,3,9
125,5,2022,Village_5_HH024,District_A,Village_5,1,Outdoor,Net_A,3,9
127,5,2022,Village_6_HH027,District_A,Village_6,0,Indoor,Net_A,5,10
127,5,2022,Village_6_HH027,District_A,Village_6,0,Outdoor,Net_A,5,10
127,5,2022,Village_8_HH007,District_A,Village_6,0,Indoor,Net_A,7,10
127,5,2022,Village_8_HH007,District_A,Village_6,1,Outdoor,Net_A,7,10
129,5,2022,Village_4_HH002,District_B,Village_7,0,Indoor,Net_B,7,10
129,5,2022,Village_4_HH002,District_B,Village_7,1,Outdoor,Net_B,7,10
129,5,2022,Village_9_HH003,District_B,Village_7,0,Indoor,Net_B,3,10
129,5,2022,Village_9_HH003,District_B,Village_7,0,Outdoor,Net_B,3,10
131,5,2022,Village_9_HH028,District_B,Village_8,0,Indoor,Net_A,6,10
131,5,2022,Village_9_HH028,District_B,Village_8,1,Outdoor,Net_A,6,10
131,5,2022,Village_9_HH029,District_B,Village_8,1,Indoor,Net_A,8,10
131,5,2022,Village_9_HH029,District_B,Village_8,7,Outdoor,Net_A,8,10
133,5,2022,Village_6_HH015,District_B,Village_9,1,Indoor,Net_A,3,10
133,5,2022,Village_6_HH015,District_B,Village_9,1,Outdoor,Net_A,3,10
133,5,2022,Village_7_HH030,District_B,Village_9,2,Indoor,Net_A,2,10
133,5,2022,Village_7_HH030,District_B,Village_9,2,Outdoor,Net_A,2,10
135,5,2022,Village_2_HH018,District_B,Village_10,2,Indoor,Net_A,8,10
135,5,2022,Village_2_HH018,District_B,Village_10,10,Outdoor,Net_A,8,10
135,5,2022,Village_8_HH015,District_B,Village_10,0,Indoor,Net_A,4,10
135,5,2022,Village_8_HH015,District_B,Village_10,0,Outdoor,Net_A,4,10
137,5,2022,Village_1_HH028,District_B,Village_11,2,Indoor,Net_A,7,10
137,5,2022,Village_1_HH028,District_B,Village_11,3,Outdoor,Net_A,7,10
137,5,2022,Village_6_HH025,District_B,Village_11,0,Indoor,Net_A,2,10
137,5,2022,Village_6_HH025,District_B,Village_11,0,Outdoor,Net_A,2,10
139,5,2022,Village_10_HH030,District_B,Village_12,30,Indoor,Net_A,8,10
139,5,2022,Village_10_HH030,District_B,Village_12,9,Outdoor,Net_A,8,10
139,5,2022,Village_1_HH004,District_B,Village_12,5,Indoor,Net_A,8,10
139,5,2022,Village_1_HH004,District_B,Village_12,4,Outdoor,Net_A,8,10
141,5,2022,Village_3_HH025,District_A,Village_1,1,Indoor,Net_B,6,11
141,5,2022,Village_3_HH025,District_A,Village_1,0,Outdoor,Net_B,6,11
141,5,2022,Village_7_HH027,District_A,Village_1,1,Indoor,Net_B,4,11
141,5,2022,Village_7_HH027,District_A,Village_1,1,Outdoor,Net_B,4,11
143,5,2022,Village_5_HH001,District_A,Village_2,6,Indoor,Net_B,6,11
143,5,2022,Village_5_HH001,District_A,Village_2,0,Outdoor,Net_B,6,11
143,5,2022,Village_5_HH011,District_A,Village_2,11,Indoor,Net_B,10,11
143,5,2022,Village_5_HH011,District_A,Village_2,6,Outdoor,Net_B,10,11
145,5,2022,Village_12_HH008,District_A,Village_3,3,Indoor,Net_A,2,11
145,5,2022,Village_12_HH008,District_A,Village_3,2,Outdoor,Net_A,2,11
145,5,2022,Village_2_HH012,District_A,Village_3,13,Indoor,Net_A,8,11
145,5,2022,Village_2_HH012,District_A,Village_3,3,Outdoor,Net_A,8,11
147,5,2022,Village_2_HH017,District_A,Village_4,2,Indoor,Net_A,2,11
147,5,2022,Village_2_HH017,District_A,Village_4,5,Outdoor,Net_A,2,11
147,5,2022,Village_8_HH008,District_A,Village_4,4,Indoor,Net_A,3,11
147,5,2022,Village_8_HH008,District_A,Village_4,4,Outdoor,Net_A,3,11
149,5,2022,Village_12_HH009,District_A,Village_5,0,Indoor,Net_A,10,11
149,5,2022,Village_12_HH009,District_A,Village_5,13,Outdoor,Net_A,10,11
149,5,2022,Village_2_HH021,District_A,Village_5,7,Indoor,Net_A,6,11
149,5,2022,Village_2_HH021,District_A,Village_5,0,Outdoor,Net_A,6,11
151,5,2022,Village_5_HH005,District_A,Village_6,8,Indoor,Net_A,8,11
151,5,2022,Village_5_HH005,District_A,Village_6,44,Outdoor,Net_A,8,11
151,5,2022,Village_5_HH015,District_A,Village_6,15,Indoor,Net_A,6,11
151,5,2022,Village_5_HH015,District_A,Village_6,10,Outdoor,Net_A,6,11
153,6,2022,Village_11_HH014,District_B,Village_7,2,Indoor,Net_B,4,11
153,6,2022,Village_11_HH014,District_B,Village_7,2,Outdoor,Net_B,4,11
153,6,2022,Village_8_HH015,District_B,Village_7,1,Indoor,Net_B,4,11
153,6,2022,Village_8_HH015,District_B,Village_7,0,Outdoor,Net_B,4,11
155,6,2022,Village_6_HH008,District_B,Village_8,0,Indoor,Net_B,5,12
155,6,2022,Village_6_HH008,District_B,Village_8,6,Outdoor,Net_B,5,12
155,6,2022,Village_7_HH005,District_B,Village_8,4,Indoor,Net_B,7,12
155,6,2022,Village_7_HH005,District_B,Village_8,5,Outdoor,Net_B,7,12
157,6,2022,Village_1_HH014,District_B,Village_9,13,Indoor,Net_B,5,12
157,6,2022,Village_1_HH014,District_B,Village_9,3,Outdoor,Net_B,5,12
157,6,2022,Village_8_HH022,District_B,Village_9,26,Indoor,Net_B,7,12
157,6,2022,Village_8_HH022,District_B,Village_9,6,Outdoor,Net_B,7,12
159,6,2022,Village_2_HH011,District_B,Village_10,15,Indoor,Net_A,3,12
159,6,2022,Village_2_HH011,District_B,Village_10,1,Outdoor,Net_A,3,12
159,6,2022,Village_5_HH016,District_B,Village_10,8,Indoor,Net_A,10,12
159,6,2022,Village_5_HH016,District_B,Village_10,28,Outdoor,Net_A,10,12
161,6,2022,Village_11_HH003,District_B,Village_11,29,Indoor,Net_A,7,12
161,6,2022,Village_11_HH003,District_B,Village_11,1,Outdoor,Net_A,7,12
161,6,2022,Village_2_HH027,District_B,Village_11,157,Indoor,Net_A,10,12
161,6,2022,Village_2_HH027,District_B,Village_11,11,Outdoor,Net_A,10,12
163,6,2022,Village_3_HH026,District_B,Village_12,2,Indoor,Net_A,4,12
163,6,2022,Village_3_HH026,District_B,Village_12,16,Outdoor,Net_A,4,12
163,6,2022,Village_6_HH019,District_B,Village_12,25,Indoor,Net_A,5,12
163,6,2022,Village_6_HH019,District_B,Village_12,13,Outdoor,Net_A,5,12
165,6,2022,Village_2_HH023,District_A,Village_1,32,Indoor,Net_B,3,12
165,6,2022,Village_2_HH023,District_A,Village_1,4,Outdoor,Net_B,3,12
165,6,2022,Village_5_HH010,District_A,Village_1,3,Indoor,Net_B,3,12
165,6,2022,Village_5_HH010,District_A,Village_1,15,Outdoor,Net_B,3,12
167,6,2022,Village_6_HH019,District_A,Village_2,23,Indoor,Net_B,5,12
167,6,2022,Village_6_HH019,District_A,Village_2,6,Outdoor,Net_B,5,12
167,6,2022,Village_7_HH012,District_A,Village_2,18,Indoor,Net_B,5,12
167,6,2022,Village_7_HH012,District_A,Village_2,13,Outdoor,Net_B,5,12
169,6,2022,Village_12_HH016,District_A,Village_3,8,Indoor,Net_B,5,13
169,6,2022,Village_12_HH016,District_A,Village_3,3,Outdoor,Net_B,5,13
169,6,2022,Village_2_HH029,District_A,Village_3,3,Indoor,Net_B,5,13
169,6,2022,Village_2_HH029,District_A,Village_3,11,Outdoor,Net_B,5,13
171,6,2022,Village_5_HH009,District_A,Village_4,6,Indoor,Net_B,6,13
171,6,2022,Village_5_HH009,District_A,Village_4,26,Outdoor,Net_B,6,13
171,6,2022,Village_9_HH007,District_A,Village_4,4,Indoor,Net_B,3,13
171,6,2022,Village_9_HH007,District_A,Village_4,2,Outdoor,Net_B,3,13
173,6,2022,Village_11_HH012,District_A,Village_5,44,Indoor,Net_A,5,13
173,6,2022,Village_11_HH012,District_A,Village_5,48,Outdoor,Net_A,5,13
173,6,2022,Village_12_HH015,District_A,Village_5,20,Indoor,Net_A,3,13
173,6,2022,Village_12_HH015,District_A,Village_5,16,Outdoor,Net_A,3,13
175,6,2022,Village_3_HH029,District_A,Village_6,32,Indoor,Net_A,9,13
175,6,2022,Village_3_HH029,District_A,Village_6,104,Outdoor,Net_A,9,13
175,6,2022,Village_4_HH019,District_A,Village_6,14,Indoor,Net_A,2,13
175,6,2022,Village_4_HH019,District_A,Village_6,24,Outdoor,Net_A,2,13
177,6,2022,Village_12_HH019,District_B,Village_7,25,Indoor,Net_B,7,13
177,6,2022,Village_12_HH019,District_B,Village_7,29,Outdoor,Net_B,7,13
177,6,2022,Village_7_HH019,District_B,Village_7,1,Indoor,Net_B,2,13
177,6,2022,Village_7_HH019,District_B,Village_7,33,Outdoor,Net_B,2,13
179,6,2022,Village_4_HH019,District_B,Village_8,12,Indoor,Net_B,2,13
179,6,2022,Village_4_HH019,District_B,Village_8,8,Outdoor,Net_B,2,13
179,6,2022,Village_7_HH028,District_B,Village_8,22,Indoor,Net_B,7,13
179,6,2022,Village_7_HH028,District_B,Village_8,42,Outdoor,Net_B,7,13
181,6,2022,Village_3_HH023,District_B,Village_9,13,Indoor,Net_B,6,13
181,6,2022,Village_3_HH023,District_B,Village_9,28,Outdoor,Net_B,6,13
181,6,2022,Village_7_HH018,District_B,Village_9,24,Indoor,Net_B,6,13
181,6,2022,Village_7_HH018,District_B,Village_9,31,Outdoor,Net_B,6,13
183,7,2022,Village_4_HH030,District_B,Village_10,7,Indoor,Net_B,6,14
183,7,2022,Village_4_HH030,District_B,Village_10,9,Outdoor,Net_B,6,14
183,7,2022,Village_8_HH023,District_B,Village_10,16,Indoor,Net_B,4,14
183,7,2022,Village_8_HH023,District_B,Village_10,5,Outdoor,Net_B,4,14
185,7,2022,Village_10_HH002,District_B,Village_11,57,Indoor,Net_B,6,14
185,7,2022,Village_10_HH002,District_B,Village_11,28,Outdoor,Net_B,6,14
185,7,2022,Village_2_HH006,District_B,Village_11,5,Indoor,Net_B,5,14
185,7,2022,Village_2_HH006,District_B,Village_11,16,Outdoor,Net_B,5,14
187,7,2022,Village_5_HH007,District_B,Village_12,110,Indoor,Net_A,3,14
187,7,2022,Village_5_HH007,District_B,Village_12,108,Outdoor,Net_A,3,14
187,7,2022,Village_9_HH019,District_B,Village_12,212,Indoor,Net_A,5,14
187,7,2022,Village_9_HH019,District_B,Village_12,152,Outdoor,Net_A,5,14
189,7,2022,Village_11_HH015,District_A,Village_1,92,Indoor,Net_B,6,14
189,7,2022,Village_11_HH015,District_A,Village_1,19,Outdoor,Net_B,6,14
189,7,2022,Village_3_HH016,District_A,Village_1,7,Indoor,Net_B,5,14
189,7,2022,Village_3_HH016,District_A,Village_1,35,Outdoor,Net_B,5,14
191,7,2022,Village_10_HH021,District_A,Village_2,56,Indoor,Net_B,6,14
191,7,2022,Village_10_HH021,District_A,Village_2,41,Outdoor,Net_B,6,14
191,7,2022,Village_9_HH018,District_A,Village_2,44,Indoor,Net_B,6,14
191,7,2022,Village_9_HH018,District_A,Village_2,17,Outdoor,Net_B,6,14
193,7,2022,Village_12_HH002,District_A,Village_3,51,Indoor,Net_B,8,14
193,7,2022,Village_12_HH002,District_A,Village_3,58,Outdoor,Net_B,8,14
193,7,2022,Village_6_HH025,District_A,Village_3,12,Indoor,Net_B,2,14
193,7,2022,Village_6_HH025,District_A,Village_3,39,Outdoor,Net_B,2,14
195,7,2022,Village_12_HH029,District_A,Village_4,17,Indoor,Net_B,10,14
195,7,2022,Village_12_HH029,District_A,Village_4,55,Outdoor,Net_B,10,14
195,7,2022,Village_3_HH022,District_A,Village_4,164,Indoor,Net_B,6,14
195,7,2022,Village_3_HH022,District_A,Village_4,40,Outdoor,Net_B,6,14
197,7,2022,Village_6_HH002,District_A,Village_5,20,Indoor,Net_B,4,15
197,7,2022,Village_6_HH002,District_A,Village_5,32,Outdoor,Net_B,4,15
197,7,2022,Village_7_HH012,District_A,Village_5,8,Indoor,Net_B,5,15
197,7,2022,Village_7_HH012,District_A,Village_5,70,Outdoor,Net_B,5,15
199,7,2022,Village_11_HH025,District_A,Village_6,34,Indoor,Net_B,8,15
199,7,2022,Village_11_HH025,District_A,Village_6,178,Outdoor,Net_B,8,15
199,7,2022,Village_9_HH016,District_A,Village_6,31,Indoor,Net_B,6,15
199,7,2022,Village_9_HH016,District_A,Village_6,24,Outdoor,Net_B,6,15
201,7,2022,Village_2_HH001,District_B,Village_7,50,Indoor,Net_B,8,15
201,7,2022,Village_2_HH001,District_B,Village_7,34,Outdoor,Net_B,8,15
201,7,2022,Village_6_HH020,District_B,Village_7,18,Indoor,Net_B,5,15
201,7,2022,Village_6_HH020,District_B,Village_7,10,Outdoor,Net_B,5,15
203,7,2022,Village_2_HH019,District_B,Village_8,86,Indoor,Net_B,5,15
203,7,2022,Village_2_HH019,District_B,Village_8,47,Outdoor,Net_B,5,15
203,7,2022,Village_5_HH024,District_B,Village_8,29,Indoor,Net_B,3,15
203,7,2022,Village_5_HH024,District_B,Village_8,26,Outdoor,Net_B,3,15
205,7,2022,Village_1_HH015,District_B,Village_9,125,Indoor,Net_B,10,15
205,7,2022,Village_1_HH015,District_B,Village_9,9,Outdoor,Net_B,10,15
205,7,2022,Village_5_HH029,District_B,Village_9,24,Indoor,Net_B,6,15
205,7,2022,Village_5_HH029,District_B,Village_9,36,Outdoor,Net_B,6,15
207,7,2022,Village_10_HH013,District_B,Village_10,55,Indoor,Net_B,9,15
207,7,2022,Village_10_HH013,District_B,Village_10,132,Outdoor,Net_B,9,15
207,7,2022,Village_10_HH021,District_B,Village_10,130,Indoor,Net_B,6,15
207,7,2022,Village_10_HH021,District_B,Village_10,60,Outdoor,Net_B,6,15
209,7,2022,Village_12_HH011,District_B,Village_11,75,Indoor,Net_B,9,15
209,7,2022,Village_12_HH011,District_B,Village_11,94,Outdoor,Net_B,9,15
209,7,2022,Village_12_HH015,District_B,Village_11,20,Indoor,Net_B,3,15
209,7,2022,Village_12_HH015,District_B,Village_11,62,Outdoor,Net_B,3,15
211,7,2022,Village_2_HH029,District_B,Village_12,29,Indoor,Net_B,5,16
211,7,2022,Village_2_HH029,District_B,Village_12,68,Outdoor,Net_B,5,16
211,7,2022,Village_3_HH004,District_B,Village_12,74,Indoor,Net_B,9,16
211,7,2022,Village_3_HH004,District_B,Village_12,56,Outdoor,Net_B,9,16
213,8,2022,Village_12_HH003,District_A,Village_1,7,Indoor,Net_B,4,16
213,8,2022,Village_12_HH003,District_A,Village_1,13,Outdoor,Net_B,4,16
213,8,2022,Village_6_HH002,District_A,Village_1,51,Indoor,Net_B,4,16
213,8,2022,Village_6_HH002,District_A,Village_1,11,Outdoor,Net_B,4,16
215,8,2022,Village_2_HH014,District_A,Village_2,35,Indoor,Net_B,4,16
215,8,2022,Village_2_HH014,District_A,Village_2,28,Outdoor,Net_B,4,16
215,8,2022,Village_3_HH020,District_A,Village_2,6,Indoor,Net_B,4,16
215,8,2022,Village_3_HH020,District_A,Village_2,8,Outdoor,Net_B,4,16
217,8,2022,Village_3_HH030,District_A,Village_3,55,Indoor,Net_B,4,16
217,8,2022,Village_3_HH030,District_A,Village_3,17,Outdoor,Net_B,4,16
217,8,2022,Village_7_HH020,District_A,Village_3,32,Indoor,Net_B,3,16
217,8,2022,Village_7_HH020,District_A,Village_3,6,Outdoor,Net_B,3,16
219,8,2022,Village_2_HH003,District_A,Village_4,2,Indoor,Net_B,2,16
219,8,2022,Village_2_HH003,District_A,Village_4,6,Outdoor,Net_B,2,16
219,8,2022,Village_8_HH012,District_A,Village_4,30,Indoor,Net_B,3,16
219,8,2022,Village_8_HH012,District_A,Village_4,4,Outdoor,Net_B,3,16
221,8,2022,Village_11_HH014,District_A,Village_5,67,Indoor,Net_B,4,16
221,8,2022,Village_11_HH014,District_A,Village_5,6,Outdoor,Net_B,4,16
221,8,2022,Village_11_HH019,District_A,Village_5,6,Indoor,Net_B,2,16
221,8,2022,Village_11_HH019,District_A,Village_5,16,Outdoor,Net_B,2,16
223,8,2022,Village_5_HH018,District_A,Village_6,33,Indoor,Net_B,5,16
223,8,2022,Village_5_HH018,District_A,Village_6,18,Outdoor,Net_B,5,16
223,8,2022,Village_9_HH010,District_A,Village_6,7,Indoor,Net_B,6,16
223,8,2022,Village_9_HH010,District_A,Village_6,8,Outdoor,Net_B,6,16
225,8,2022,Village_10_HH010,District_B,Village_7,13,Indoor,Net_B,4,17
225,8,2022,Village_10_HH010,District_B,Village_7,8,Outdoor,Net_B,4,17
225,8,2022,Village_4_HH028,District_B,Village_7,78,Indoor,Net_B,8,17
225,8,2022,Village_4_HH028,District_B,Village_7,23,Outdoor,Net_B,8,17
227,8,2022,Village_1_HH004,District_B,Village_8,338,Indoor,Net_B,8,17
227,8,2022,Village_1_HH004,District_B,Village_8,24,Outdoor,Net_B,8,17
227,8,2022,Village_7_HH010,District_B,Village_8,36,Indoor,Net_B,6,17
227,8,2022,Village_7_HH010,District_B,Village_8,103,Outdoor,Net_B,6,17
229,8,2022,Village_11_HH024,District_B,Village_9,66,Indoor,Net_B,7,17
229,8,2022,Village_11_HH024,District_B,Village_9,18,Outdoor,Net_B,7,17
229,8,2022,Village_2_HH011,District_B,Village_9,13,Indoor,Net_B,3,17
229,8,2022,Village_2_HH011,District_B,Village_9,20,Outdoor,Net_B,3,17
231,8,2022,Village_10_HH010,District_B,Village_10,48,Indoor,Net_B,4,17
231,8,2022,Village_10_HH010,District_B,Village_10,41,Outdoor,Net_B,4,17
231,8,2022,Village_5_HH003,District_B,Village_10,13,Indoor,Net_B,2,17
231,8,2022,Village_5_HH003,District_B,Village_10,6,Outdoor,Net_B,2,17
233,8,2022,Village_3_HH023,District_B,Village_11,44,Indoor,Net_B,6,17
233,8,2022,Village_3_HH023,District_B,Village_11,63,Outdoor,Net_B,6,17
233,8,2022,Village_8_HH002,District_B,Village_11,7,Indoor,Net_B,3,17
233,8,2022,Village_8_HH002,District_B,Village_11,6,Outdoor,Net_B,3,17
235,8,2022,Village_12_HH027,District_B,Village_12,11,Indoor,Net_B,5,17
235,8,2022,Village_12_HH027,District_B,Village_12,4,Outdoor,Net_B,5,17
235,8,2022,Village_7_HH015,District_B,Village_12,19,Indoor,Net_B,3,17
235,8,2022,Village_7_HH015,District_B,Village_12,1,Outdoor,Net_B,3,17
237,8,2022,Village_11_HH026,District_A,Village_1,19,Indoor,Net_B,7,17
237,8,2022,Village_11_HH026,District_A,Village_1,22,Outdoor,Net_B,7,17
237,8,2022,Village_8_HH001,District_A,Village_1,28,Indoor,Net_B,6,17
237,8,2022,Village_8_HH001,District_A,Village_1,29,Outdoor,Net_B,6,17
239,8,2022,Village_10_HH012,District_A,Village_2,42,Indoor,Net_B,6,18
239,8,2022,Village_10_HH012,District_A,Village_2,34,Outdoor,Net_B,6,18
239,8,2022,Village_6_HH014,District_A,Village_2,33,Indoor,Net_B,7,18
239,8,2022,Village_6_HH014,District_A,Village_2,45,Outdoor,Net_B,7,18
241,8,2022,Village_10_HH015,District_A,Village_3,7,Indoor,Net_B,6,18
241,8,2022,Village_10_HH015,District_A,Village_3,45,Outdoor,Net_B,6,18
241,8,2022,Village_2_HH020,District_A,Village_3,16,Indoor,Net_B,2,18
241,8,2022,Village_2_HH020,District_A,Village_3,16,Outdoor,Net_B,2,18
243,8,2022,Village_7_HH009,District_A,Village_4,39,Indoor,Net_B,5,18
243,8,2022,Village_7_HH009,District_A,Village_4,43,Outdoor,Net_B,5,18
243,8,2022,Village_9_HH024,District_A,Village_4,21,Indoor,Net_B,4,18
243,8,2022,Village_9_HH024,District_A,Village_4,6,Outdoor,Net_B,4,18
245,9,2022,Village_11_HH012,District_A,Village_5,8,Indoor,Net_B,5,18
245,9,2022,Village_11_HH012,District_A,Village_5,30,Outdoor,Net_B,5,18
245,9,2022,Village_12_HH027,District_A,Village_5,40,Indoor,Net_B,5,18
245,9,2022,Village_12_HH027,District_A,Village_5,25,Outdoor,Net_B,5,18
247,9,2022,Village_4_HH006,District_A,Village_6,16,Indoor,Net_B,7,18
247,9,2022,Village_4_HH006,District_A,Village_6,23,Outdoor,Net_B,7,18
247,9,2022,Village_7_HH004,District_A,Village_6,64,Indoor,Net_B,7,18
247,9,2022,Village_7_HH004,District_A,Village_6,20,Outdoor,Net_B,7,18
249,9,2022,Village_1_HH019,District_B,Village_7,41,Indoor,Net_B,2,18
249,9,2022,Village_1_HH019,District_B,Village_7,4,Outdoor,Net_B,2,18
249,9,2022,Village_7_HH018,District_B,Village_7,13,Indoor,Net_B,6,18
249,9,2022,Village_7_HH018,District_B,Village_7,2,Outdoor,Net_B,6,18
251,9,2022,Village_10_HH024,District_B,Village_8,16,Indoor,Net_B,7,18
251,9,2022,Village_10_HH024,District_B,Village_8,27,Outdoor,Net_B,7,18
251,9,2022,Village_7_HH001,District_B,Village_8,17,Indoor,Net_B,5,18
251,9,2022,Village_7_HH001,District_B,Village_8,52,Outdoor,Net_B,5,18
253,9,2022,Village_11_HH026,District_B,Village_9,29,Indoor,Net_B,7,19
253,9,2022,Village_11_HH026,District_B,Village_9,13,Outdoor,Net_B,7,19
253,9,2022,Village_6_HH021,District_B,Village_9,48,Indoor,Net_B,4,19
253,9,2022,Village_6_HH021,District_B,Village_9,6,Outdoor,Net_B,4,19
255,9,2022,Village_12_HH027,District_B,Village_10,14,Indoor,Net_B,5,19
255,9,2022,Village_12_HH027,District_B,Village_10,17,Outdoor,Net_B,5,19
255,9,2022,Village_7_HH017,District_B,Village_10,2,Indoor,Net_B,6,19
255,9,2022,Village_7_HH017,District_B,Village_10,14,Outdoor,Net_B,6,19
257,9,2022,Village_5_HH011,District_B,Village_11,33,Indoor,Net_B,10,19
257,9,2022,Village_5_HH011,District_B,Village_11,19,Outdoor,Net_B,10,19
257,9,2022,Village_7_HH016,District_B,Village_11,11,Indoor,Net_B,7,19
257,9,2022,Village_7_HH016,District_B,Village_11,7,Outdoor,Net_B,7,19
259,9,2022,Village_4_HH005,District_B,Village_12,21,Indoor,Net_B,4,19
259,9,2022,Village_4_HH005,District_B,Village_12,16,Outdoor,Net_B,4,19
259,9,2022,Village_8_HH005,District_B,Village_12,54,Indoor,Net_B,10,19
259,9,2022,Village_8_HH005,District_B,Village_12,30,Outdoor,Net_B,10,19
261,9,2022,Village_11_HH027,District_A,Village_1,12,Indoor,Net_B,2,19
261,9,2022,Village_11_HH027,District_A,Village_1,2,Outdoor,Net_B,2,19
261,9,2022,Village_2_HH029,District_A,Village_1,4,Indoor,Net_B,5,19
261,9,2022,Village_2_HH029,District_A,Village_1,6,Outdoor,Net_B,5,19
263,9,2022,Village_3_HH008,District_A,Village_2,0,Indoor,Net_B,3,19
263,9,2022,Village_3_HH008,District_A,Village_2,10,Outdoor,Net_B,3,19
263,9,2022,Village_3_HH012,District_A,Village_2,11,Indoor,Net_B,7,19
263,9,2022,Village_3_HH012,District_A,Village_2,6,Outdoor,Net_B,7,19
265,9,2022,Village_12_HH020,District_A,Village_3,9,Indoor,Net_B,4,19
265,9,2022,Village_12_HH020,District_A,Village_3,5,Outdoor,Net_B,4,19
265,9,2022,Village_2_HH015,District_A,Village_3,3,Indoor,Net_B,6,19
265,9,2022,Village_2_HH015,District_A,Village_3,10,Outdoor,Net_B,6,19
267,9,2022,Village_3_HH001,District_A,Village_4,4,Indoor,Net_B,5,20
267,9,2022,Village_3_HH001,District_A,Village_4,22,Outdoor,Net_B,5,20
267,9,2022,Village_8_HH001,District_A,Village_4,9,Indoor,Net_B,6,20
267,9,2022,Village_8_HH001,District_A,Village_4,0,Outdoor,Net_B,6,20
269,9,2022,Village_11_HH009,District_A,Village_5,6,Indoor,Net_B,10,20
269,9,2022,Village_11_HH009,District_A,Village_5,22,Outdoor,Net_B,10,20
269,9,2022,Village_5_HH010,District_A,Village_5,0,Indoor,Net_B,3,20
269,9,2022,Village_5_HH010,District_A,Village_5,2,Outdoor,Net_B,3,20
271,9,2022,Village_3_HH023,District_A,Village_6,0,Indoor,Net_B,6,20
271,9,2022,Village_3_HH023,District_A,Village_6,3,Outdoor,Net_B,6,20
271,9,2022,Village_9_HH017,District_A,Village_6,1,Indoor,Net_B,5,20
271,9,2022,Village_9_HH017,District_A,Village_6,2,Outdoor,Net_B,5,20
273,9,2022,Village_11_HH018,District_B,Village_7,8,Indoor,Net_B,8,20
273,9,2022,Village_11_HH018,District_B,Village_7,5,Outdoor,Net_B,8,20
273,9,2022,Village_1_HH007,District_B,Village_7,1,Indoor,Net_B,3,20
273,9,2022,Village_1_HH007,District_B,Village_7,1,Outdoor,Net_B,3,20
275,10,2022,Village_6_HH020,District_B,Village_8,1,Indoor,Net_B,5,20
275,10,2022,Village_6_HH020,District_B,Village_8,3,Outdoor,Net_B,5,20
275,10,2022,Village_9_HH023,District_B,Village_8,1,Indoor,Net_B,6,20
275,10,2022,Village_9_HH023,District_B,Village_8,3,Outdoor,Net_B,6,20
277,10,2022,Village_10_HH017,District_B,Village_9,0,Indoor,Net_B,3,20
277,10,2022,Village_10_HH017,District_B,Village_9,1,Outdoor,Net_B,3,20
277,10,2022,Village_1_HH007,District_B,Village_9,3,Indoor,Net_B,3,20
277,10,2022,Village_1_HH007,District_B,Village_9,0,Outdoor,Net_B,3,20
279,10,2022,Village_11_HH009,District_B,Village_10,3,Indoor,Net_B,10,20
279,10,2022,Village_11_HH009,District_B,Village_10,4,Outdoor,Net_B,10,20
279,10,2022,Village_7_HH005,District_B,Village_10,4,Indoor,Net_B,7,20
279,10,2022,Village_7_HH005,District_B,Village_10,2,Outdoor,Net_B,7,20
281,10,2022,Village_1_HH009,District_B,Village_11,3,Indoor,Net_B,3,21
281,10,2022,Village_1_HH009,District_B,Village_11,2,Outdoor,Net_B,3,21
281,10,2022,Village_2_HH002,District_B,Village_11,0,Indoor,Net_B,5,21
281,10,2022,Village_2_HH002,District_B,Village_11,0,Outdoor,Net_B,5,21
283,10,2022,Village_1_HH025,District_B,Village_12,1,Indoor,Net_B,5,21
283,10,2022,Village_1_HH025,District_B,Village_12,0,Outdoor,Net_B,5,21
283,10,2022,Village_3_HH009,District_B,Village_12,0,Indoor,Net_B,6,21
283,10,2022,Village_3_HH009,District_B,Village_12,5,Outdoor,Net_B,6,21
285,10,2022,Village_3_HH019,District_A,Village_1,0,Indoor,Net_B,5,21
285,10,2022,Village_3_HH019,District_A,Village_1,2,Outdoor,Net_B,5,21
285,10,2022,Village_6_HH012,District_A,Village_1,3,Indoor,Net_B,6,21
285,10,2022,Village_6_HH012,District_A,Village_1,1,Outdoor,Net_B,6,21
287,10,2022,Village_5_HH026,District_A,Village_2,4,Indoor,Net_B,6,21
287,10,2022,Village_5_HH026,District_A,Village_2,1,Outdoor,Net_B,6,21
287,10,2022,Village_9_HH023,District_A,Village_2,0,Indoor,Net_B,6,21
287,10,2022,Village_9_HH023,District_A,Village_2,0,Outdoor,Net_B,6,21
289,10,2022,Village_6_HH020,District_A,Village_3,1,Indoor,Net_B,5,21
289,10,2022,Village_6_HH020,District_A,Village_3,0,Outdoor,Net_B,5,21
289,10,2022,Village_7_HH025,District_A,Village_3,0,Indoor,Net_B,9,21
289,10,2022,Village_7_HH025,District_A,Village_3,1,Outdoor,Net_B,9,21
291,10,2022,Village_11_HH029,District_A,Village_4,0,Indoor,Net_B,7,21
291,10,2022,Village_11_HH029,District_A,Village_4,0,Outdoor,Net_B,7,21
291,10,2022,Village_4_HH021,District_A,Village_4,1,Indoor,Net_B,5,21
291,10,2022,Village_4_HH021,District_A,Village_4,3,Outdoor,Net_B,5,21
293,10,2022,Village_12_HH025,District_A,Village_5,1,Indoor,Net_B,8,21
293,10,2022,Village_12_HH025,District_A,Village_5,1,Outdoor,Net_B,8,21
293,10,2022,Village_3_HH012,District_A,Village_5,0,Indoor,Net_B,7,21
293,10,2022,Village_3_HH012,District_A,Village_5,2,Outdoor,Net_B,7,21
295,10,2022,Village_2_HH012,District_A,Village_6,1,Indoor,Net_B,8,22
295,10,2022,Village_2_HH012,District_A,Village_6,1,Outdoor,Net_B,8,22
295,10,2022,Village_9_HH015,District_A,Village_6,0,Indoor,Net_B,8,22
295,10,2022,Village_9_HH015,District_A,Village_6,0,Outdoor,Net_B,8,22
297,10,2022,Village_1_HH023,District_B,Village_7,1,Indoor,Net_B,7,22
297,10,2022,Village_1_HH023,District_B,Village_7,0,Outdoor,Net_B,7,22
297,10,2022,Village_4_HH030,District_B,Village_7,0,Indoor,Net_B,6,22
297,10,2022,Village_4_HH030,District_B,Village_7,0,Outdoor,Net_B,6,22
299,10,2022,Village_12_HH022,District_B,Village_8,0,Indoor,Net_B,7,22
299,10,2022,Village_12_HH022,District_B,Village_8,1,Outdoor,Net_B,7,22
299,10,2022,Village_3_HH002,District_B,Village_8,0,Indoor,Net_B,4,22
299,10,2022,Village_3_HH002,District_B,Village_8,0,Outdoor,Net_B,4,22
301,10,2022,Village_10_HH019,District_B,Village_9,0,Indoor,Net_B,3,22
301,10,2022,Village_10_HH019,District_B,Village_9,0,Outdoor,Net_B,3,22
301,10,2022,Village_12_HH016,District_B,Village_9,0,Indoor,Net_B,5,22
301,10,2022,Village_12_HH016,District_B,Village_9,0,Outdoor,Net_B,5,22
303,10,2022,Village_6_HH007,District_B,Village_10,0,Indoor,Net_B,8,22
303,10,2022,Village_6_HH007,District_B,Village_10,0,Outdoor,Net_B,8,22
303,10,2022,Village_9_HH004,District_B,Village_10,0,Indoor,Net_B,8,22
303,10,2022,Village_9_HH004,District_B,Village_10,0,Outdoor,Net_B,8,22
91,4,2023,Village_10_HH011,District_B,Village_11,0,Indoor,Net_B,8,7
91,4,2023,Village_10_HH011,District_B,Village_11,0,Outdoor,Net_B,8,7
91,4,2023,Village_9_HH003,District_B,Village_11,0,Indoor,Net_B,3,7
91,4,2023,Village_9_HH003,District_B,Village_11,0,Outdoor,Net_B,3,7
93,4,2023,Village_1_HH002,District_B,Village_12,0,Indoor,Net_B,7,7
93,4,2023,Village_1_HH002,District_B,Village_12,0,Outdoor,Net_B,7,7
93,4,2023,Village_7_HH001,District_B,Village_12,0,Indoor,Net_B,5,7
93,4,2023,Village_7_HH001,District_B,Village_12,0,Outdoor,Net_B,5,7
95,4,2023,Village_5_HH008,District_A,Village_1,0,Indoor,Net_B,6,7
95,4,2023,Village_5_HH008,District_A,Village_1,0,Outdoor,Net_B,6,7
95,4,2023,Village_9_HH026,District_A,Village_1,0,Indoor,Net_B,5,7
95,4,2023,Village_9_HH026,District_A,Village_1,0,Outdoor,Net_B,5,7
97,4,2023,Village_7_HH022,District_A,Village_2,0,Indoor,Net_B,9,7
97,4,2023,Village_7_HH022,District_A,Village_2,0,Outdoor,Net_B,9,7
97,4,2023,Village_8_HH005,District_A,Village_2,0,Indoor,Net_B,10,7
97,4,2023,Village_8_HH005,District_A,Village_2,0,Outdoor,Net_B,10,7
99,4,2023,Village_5_HH019,District_A,Village_3,0,Indoor,Net_B,7,8
99,4,2023,Village_5_HH019,District_A,Village_3,0,Outdoor,Net_B,7,8
99,4,2023,Village_6_HH014,District_A,Village_3,0,Indoor,Net_B,7,8
99,4,2023,Village_6_HH014,District_A,Village_3,0,Outdoor,Net_B,7,8
101,4,2023,Village_12_HH014,District_A,Village_4,0,Indoor,Net_B,7,8
101,4,2023,Village_12_HH014,District_A,Village_4,0,Outdoor,Net_B,7,8
101,4,2023,Village_6_HH026,District_A,Village_4,0,Indoor,Net_B,5,8
101,4,2023,Village_6_HH026,District_A,Village_4,0,Outdoor,Net_B,5,8
103,4,2023,Village_3_HH008,District_A,Village_5,0,Indoor,Net_B,3,8
103,4,2023,Village_3_HH008,District_A,Village_5,0,Outdoor,Net_B,3,8
103,4,2023,Village_9_HH028,District_A,Village_5,0,Indoor,Net_B,6,8
103,4,2023,Village_9_HH028,District_A,Village_5,0,Outdoor,Net_B,6,8
105,4,2023,Village_5_HH028,District_A,Village_6,0,Indoor,Net_B,4,8
105,4,2023,Village_5_HH028,District_A,Village_6,0,Outdoor,Net_B,4,8
105,4,2023,Village_9_HH022,District_A,Village_6,0,Indoor,Net_B,6,8
105,4,2023,Village_9_HH022,District_A,Village_6,0,Outdoor,Net_B,6,8
107,4,2023,Village_10_HH016,District_B,Village_7,0,Indoor,Net_B,7,8
107,4,2023,Village_10_HH016,District_B,Village_7,2,Outdoor,Net_B,7,8
107,4,2023,Village_3_HH005,District_B,Village_7,0,Indoor,Net_B,6,8
107,4,2023,Village_3_HH005,District_B,Village_7,1,Outdoor,Net_B,6,8
109,4,2023,Village_1_HH006,District_B,Village_8,0,Indoor,Net_B,5,8
109,4,2023,Village_1_HH006,District_B,Village_8,0,Outdoor,Net_B,5,8
109,4,2023,Village_3_HH026,District_B,Village_8,0,Indoor,Net_B,4,8
109,4,2023,Village_3_HH026,District_B,Village_8,0,Outdoor,Net_B,4,8
111,4,2023,Village_11_HH019,District_B,Village_9,0,Indoor,Net_B,2,8
111,4,2023,Village_11_HH019,District_B,Village_9,0,Outdoor,Net_B,2,8
111,4,2023,Village_6_HH023,District_B,Village_9,0,Indoor,Net_B,4,8
111,4,2023,Village_6_HH023,District_B,Village_9,0,Outdoor,Net_B,4,8
113,4,2023,Village_1_HH013,District_B,Village_10,0,Indoor,Net_B,3,9
113,4,2023,Village_1_HH013,District_B,Village_10,0,Outdoor,Net_B,3,9
113,4,2023,Village_8_HH007,District_B,Village_10,0,Indoor,Net_B,7,9
113,4,2023,Village_8_HH007,District_B,Village_10,0,Outdoor,Net_B,7,9
115,4,2023,Village_10_HH021,District_B,Village_11,0,Indoor,Net_B,6,9
115,4,2023,Village_10_HH021,District_B,Village_11,0,Outdoor,Net_B,6,9
115,4,2023,Village_3_HH028,District_B,Village_11,0,Indoor,Net_B,3,9
115,4,2023,Village_3_HH028,District_B,Village_11,0,Outdoor,Net_B,3,9
117,4,2023,Village_11_HH021,District_B,Village_12,0,Indoor,Net_B,5,9
117,4,2023,Village_11_HH021,District_B,Village_12,1,Outdoor,Net_B,5,9
117,4,2023,Village_2_HH021,District_B,Village_12,0,Indoor,Net_B,6,9
117,4,2023,Village_2_HH021,District_B,Village_12,0,Outdoor,Net_B,6,9
119,4,2023,Village_11_HH013,District_A,Village_1,1,Indoor,Net_B,7,9
119,4,2023,Village_11_HH013,District_A,Village_1,1,Outdoor,Net_B,7,9
119,4,2023,Village_2_HH004,District_A,Village_1,0,Indoor,Net_B,6,9
119,4,2023,Village_2_HH004,District_A,Village_1,0,Outdoor,Net_B,6,9
121,5,2023,Village_12_HH008,District_A,Village_2,0,Indoor,Net_B,2,9
121,5,2023,Village_12_HH008,District_A,Village_2,0,Outdoor,Net_B,2,9
121,5,2023,Village_4_HH024,District_A,Village_2,0,Indoor,Net_B,2,9
121,5,2023,Village_4_HH024,District_A,Village_2,0,Outdoor,Net_B,2,9
123,5,2023,Village_12_HH005,District_A,Village_3,0,Indoor,Net_B,5,9
123,5,2023,Village_12_HH005,District_A,Village_3,0,Outdoor,Net_B,5,9
123,5,2023,Village_6_HH006,District_A,Village_3,2,Indoor,Net_B,5,9
123,5,2023,Village_6_HH006,District_A,Village_3,0,Outdoor,Net_B,5,9
125,5,2023,Village_8_HH004,District_A,Village_4,0,Indoor,Net_B,7,9
125,5,2023,Village_8_HH004,District_A,Village_4,0,Outdoor,Net_B,7,9
125,5,2023,Village_8_HH008,District_A,Village_4,0,Indoor,Net_B,3,9
125,5,2023,Village_8_HH008,District_A,Village_4,0,Outdoor,Net_B,3,9
127,5,2023,Village_11_HH010,District_A,Village_5,0,Indoor,Net_B,7,10
127,5,2023,Village_11_HH010,District_A,Village_5,1,Outdoor,Net_B,7,10
127,5,2023,Village_1_HH011,District_A,Village_5,1,Indoor,Net_B,4,10
127,5,2023,Village_1_HH011,District_A,Village_5,3,Outdoor,Net_B,4,10
129,5,2023,Village_3_HH010,District_A,Village_6,1,Indoor,Net_B,6,10
129,5,2023,Village_3_HH010,District_A,Village_6,0,Outdoor,Net_B,6,10
129,5,2023,Village_9_HH020,District_A,Village_6,0,Indoor,Net_B,5,10
129,5,2023,Village_9_HH020,District_A,Village_6,0,Outdoor,Net_B,5,10
131,5,2023,Village_2_HH002,District_B,Village_7,0,Indoor,Net_B,5,10
131,5,2023,Village_2_HH002,District_B,Village_7,0,Outdoor,Net_B,5,10
131,5,2023,Village_7_HH002,District_B,Village_7,0,Indoor,Net_B,8,10
131,5,2023,Village_7_HH002,District_B,Village_7,0,Outdoor,Net_B,8,10
133,5,2023,Village_10_HH022,District_B,Village_8,4,Indoor,Net_B,5,10
133,5,2023,Village_10_HH022,District_B,Village_8,0,Outdoor,Net_B,5,10
133,5,2023,Village_7_HH023,District_B,Village_8,1,Indoor,Net_B,7,10
133,5,2023,Village_7_HH023,District_B,Village_8,2,Outdoor,Net_B,7,10
135,5,2023,Village_3_HH004,District_B,Village_9,2,Indoor,Net_B,9,10
135,5,2023,Village_3_HH004,District_B,Village_9,2,Outdoor,Net_B,9,10
135,5,2023,Village_4_HH027,District_B,Village_9,1,Indoor,Net_B,8,10
135,5,2023,Village_4_HH027,District_B,Village_9,1,Outdoor,Net_B,8,10
137,5,2023,Village_11_HH019,District_B,Village_10,0,Indoor,Net_B,2,10
137,5,2023,Village_11_HH019,District_B,Village_10,1,Outdoor,Net_B,2,10
137,5,2023,Village_7_HH004,District_B,Village_10,0,Indoor,Net_B,7,10
137,5,2023,Village_7_HH004,District_B,Village_10,0,Outdoor,Net_B,7,10
139,5,2023,Village_7_HH013,District_B,Village_11,2,Indoor,Net_B,5,10
139,5,2023,Village_7_HH013,District_B,Village_11,1,Outdoor,Net_B,5,10
139,5,2023,Village_8_HH019,District_B,Village_11,3,Indoor,Net_B,8,10
139,5,2023,Village_8_HH019,District_B,Village_11,3,Outdoor,Net_B,8,10
141,5,2023,Village_12_HH030,District_B,Village_12,2,Indoor,Net_B,6,11
141,5,2023,Village_12_HH030,District_B,Village_12,3,Outdoor,Net_B,6,11
141,5,2023,Village_1_HH006,District_B,Village_12,1,Indoor,Net_B,5,11
141,5,2023,Village_1_HH006,District_B,Village_12,1,Outdoor,Net_B,5,11
143,5,2023,Village_12_HH001,District_A,Village_1,7,Indoor,Net_B,6,11
143,5,2023,Village_12_HH001,District_A,Village_1,2,Outdoor,Net_B,6,11
143,5,2023,Village_6_HH025,District_A,Village_1,0,Indoor,Net_B,2,11
143,5,2023,Village_6_HH025,District_A,Village_1,7,Outdoor,Net_B,2,11
145,5,2023,Village_11_HH018,District_A,Village_2,4,Indoor,Net_B,8,11
145,5,2023,Village_11_HH018,District_A,Village_2,8,Outdoor,Net_B,8,11
145,5,2023,Village_12_HH030,District_A,Village_2,0,Indoor,Net_B,6,11
145,5,2023,Village_12_HH030,District_A,Village_2,2,Outdoor,Net_B,6,11
147,5,2023,Village_12_HH019,District_A,Village_3,4,Indoor,Net_B,7,11
147,5,2023,Village_12_HH019,District_A,Village_3,5,Outdoor,Net_B,7,11
147,5,2023,Village_7_HH002,District_A,Village_3,4,Indoor,Net_B,8,11
147,5,2023,Village_7_HH002,District_A,Village_3,4,Outdoor,Net_B,8,11
149,5,2023,Village_11_HH020,District_A,Village_4,1,Indoor,Net_B,6,11
149,5,2023,Village_11_HH020,District_A,Village_4,0,Outdoor,Net_B,6,11
149,5,2023,Village_3_HH021,District_A,Village_4,6,Indoor,Net_B,7,11
149,5,2023,Village_3_HH021,District_A,Village_4,3,Outdoor,Net_B,7,11
151,5,2023,Village_12_HH005,District_A,Village_5,5,Indoor,Net_B,5,11
151,5,2023,Village_12_HH005,District_A,Village_5,3,Outdoor,Net_B,5,11
151,5,2023,Village_4_HH009,District_A,Village_5,3,Indoor,Net_B,10,11
151,5,2023,Village_4_HH009,District_A,Village_5,16,Outdoor,Net_B,10,11
153,6,2023,Village_1_HH030,District_A,Village_6,5,Indoor,Net_B,7,11
153,6,2023,Village_1_HH030,District_A,Village_6,2,Outdoor,Net_B,7,11
153,6,2023,Village_7_HH015,District_A,Village_6,0,Indoor,Net_B,3,11
153,6,2023,Village_7_HH015,District_A,Village_6,1,Outdoor,Net_B,3,11
155,6,2023,Village_1_HH013,District_B,Village_7,4,Indoor,Net_B,3,12
155,6,2023,Village_1_HH013,District_B,Village_7,3,Outdoor,Net_B,3,12
155,6,2023,Village_6_HH008,District_B,Village_7,2,Indoor,Net_B,5,12
155,6,2023,Village_6_HH008,District_B,Village_7,5,Outdoor,Net_B,5,12
157,6,2023,Village_10_HH003,District_B,Village_8,15,Indoor,Net_B,8,12
157,6,2023,Village_10_HH003,District_B,Village_8,18,Outdoor,Net_B,8,12
157,6,2023,Village_4_HH019,District_B,Village_8,2,Indoor,Net_B,2,12
157,6,2023,Village_4_HH019,District_B,Village_8,9,Outdoor,Net_B,2,12
159,6,2023,Village_5_HH012,District_B,Village_9,4,Indoor,Net_B,7,12
159,6,2023,Village_5_HH012,District_B,Village_9,21,Outdoor,Net_B,7,12
159,6,2023,Village_9_HH002,District_B,Village_9,1,Indoor,Net_B,4,12
159,6,2023,Village_9_HH002,District_B,Village_9,5,Outdoor,Net_B,4,12
161,6,2023,Village_1_HH018,District_B,Village_10,31,Indoor,Net_B,5,12
161,6,2023,Village_1_HH018,District_B,Village_10,3,Outdoor,Net_B,5,12
161,6,2023,Village_6_HH003,District_B,Village_10,7,Indoor,Net_B,3,12
161,6,2023,Village_6_HH003,District_B,Village_10,9,Outdoor,Net_B,3,12
163,6,2023,Village_11_HH002,District_B,Village_11,11,Indoor,Net_B,5,12
163,6,2023,Village_11_HH002,District_B,Village_11,12,Outdoor,Net_B,5,12
163,6,2023,Village_8_HH001,District_B,Village_11,23,Indoor,Net_B,6,12
163,6,2023,Village_8_HH001,District_B,Village_11,31,Outdoor,Net_B,6,12
165,6,2023,Village_5_HH020,District_B,Village_12,7,Indoor,Net_B,6,12
165,6,2023,Village_5_HH020,District_B,Village_12,9,Outdoor,Net_B,6,12
165,6,2023,Village_5_HH026,District_B,Village_12,122,Indoor,Net_B,6,12
165,6,2023,Village_5_HH026,District_B,Village_12,12,Outdoor,Net_B,6,12
167,6,2023,Village_10_HH026,District_A,Village_1,29,Indoor,Net_B,7,12
167,6,2023,Village_10_HH026,District_A,Village_1,1,Outdoor,Net_B,7,12
167,6,2023,Village_12_HH016,District_A,Village_1,33,Indoor,Net_B,5,12
167,6,2023,Village_12_HH016,District_A,Village_1,19,Outdoor,Net_B,5,12
169,6,2023,Village_5_HH025,District_A,Village_2,49,Indoor,Net_B,6,13
169,6,2023,Village_5_HH025,District_A,Village_2,27,Outdoor,Net_B,6,13
169,6,2023,Village_8_HH005,District_A,Village_2,33,Indoor,Net_B,10,13
169,6,2023,Village_8_HH005,District_A,Village_2,36,Outdoor,Net_B,10,13
171,6,2023,Village_12_HH003,District_A,Village_3,15,Indoor,Net_B,4,13
171,6,2023,Village_12_HH003,District_A,Village_3,9,Outdoor,Net_B,4,13
171,6,2023,Village_5_HH013,District_A,Village_3,22,Indoor,Net_B,6,13
171,6,2023,Village_5_HH013,District_A,Village_3,10,Outdoor,Net_B,6,13
173,6,2023,Village_10_HH029,District_A,Village_4,3,Indoor,Net_B,7,13
173,6,2023,Village_10_HH029,District_A,Village_4,24,Outdoor,Net_B,7,13
173,6,2023,Village_11_HH011,District_A,Village_4,31,Indoor,Net_B,6,13
173,6,2023,Village_11_HH011,District_A,Village_4,15,Outdoor,Net_B,6,13
175,6,2023,Village_2_HH004,District_A,Village_5,42,Indoor,Net_B,6,13
175,6,2023,Village_2_HH004,District_A,Village_5,14,Outdoor,Net_B,6,13
175,6,2023,Village_3_HH024,District_A,Village_5,6,Indoor,Net_B,6,13
175,6,2023,Village_3_HH024,District_A,Village_5,26,Outdoor,Net_B,6,13
177,6,2023,Village_4_HH015,District_A,Village_6,48,Indoor,Net_B,9,13
177,6,2023,Village_4_HH015,District_A,Village_6,100,Outdoor,Net_B,9,13
177,6,2023,Village_6_HH006,District_A,Village_6,24,Indoor,Net_B,5,13
177,6,2023,Village_6_HH006,District_A,Village_6,14,Outdoor,Net_B,5,13
179,6,2023,Village_4_HH009,District_B,Village_7,28,Indoor,Net_B,10,13
179,6,2023,Village_4_HH009,District_B,Village_7,40,Outdoor,Net_B,10,13
179,6,2023,Village_8_HH020,District_B,Village_7,15,Indoor,Net_B,5,13
179,6,2023,Village_8_HH020,District_B,Village_7,9,Outdoor,Net_B,5,13
181,6,2023,Village_11_HH027,District_B,Village_8,15,Indoor,Net_B,2,13
181,6,2023,Village_11_HH027,District_B,Village_8,5,Outdoor,Net_B,2,13
181,6,2023,Village_7_HH012,District_B,Village_8,3,Indoor,Net_B,5,13
181,6,2023,Village_7_HH012,District_B,Village_8,105,Outdoor,Net_B,5,13
183,7,2023,Village_12_HH011,District_B,Village_9,44,Indoor,Net_B,9,14
183,7,2023,Village_12_HH011,District_B,Village_9,17,Outdoor,Net_B,9,14
183,7,2023,Village_4_HH004,District_B,Village_9,8,Indoor,Net_B,7,14
183,7,2023,Village_4_HH004,District_B,Village_9,43,Outdoor,Net_B,7,14
185,7,2023,Village_2_HH027,District_B,Village_10,98,Indoor,Net_B,10,14
185,7,2023,Village_2_HH027,District_B,Village_10,39,Outdoor,Net_B,10,14
185,7,2023,Village_8_HH024,District_B,Village_10,9,Indoor,Net_B,3,14
185,7,2023,Village_8_HH024,District_B,Village_10,17,Outdoor,Net_B,3,14
187,7,2023,Village_10_HH021,District_B,Village_11,35,Indoor,Net_B,6,14
187,7,2023,Village_10_HH021,District_B,Village_11,79,Outdoor,Net_B,6,14
187,7,2023,Village_6_HH018,District_B,Village_11,75,Indoor,Net_B,7,14
187,7,2023,Village_6_HH018,District_B,Village_11,102,Outdoor,Net_B,7,14
189,7,2023,Village_3_HH016,District_B,Village_12,48,Indoor,Net_B,5,14
189,7,2023,Village_3_HH016,District_B,Village_12,33,Outdoor,Net_B,5,14
189,7,2023,Village_7_HH001,District_B,Village_12,61,Indoor,Net_B,5,14
189,7,2023,Village_7_HH001,District_B,Village_12,11,Outdoor,Net_B,5,14
191,7,2023,Village_1_HH005,District_A,Village_1,30,Indoor,Net_B,5,14
191,7,2023,Village_1_HH005,District_A,Village_1,19,Outdoor,Net_B,5,14
191,7,2023,Village_5_HH012,District_A,Village_1,67,Indoor,Net_B,7,14
191,7,2023,Village_5_HH012,District_A,Village_1,47,Outdoor,Net_B,7,14
193,7,2023,Village_2_HH023,District_A,Village_2,45,Indoor,Net_B,3,14
193,7,2023,Village_2_HH023,District_A,Village_2,12,Outdoor,Net_B,3,14
193,7,2023,Village_3_HH026,District_A,Village_2,41,Indoor,Net_B,4,14
193,7,2023,Village_3_HH026,District_A,Village_2,23,Outdoor,Net_B,4,14
195,7,2023,Village_10_HH002,District_A,Village_3,42,Indoor,Net_B,6,14
195,7,2023,Village_10_HH002,District_A,Village_3,117,Outdoor,Net_B,6,14
195,7,2023,Village_9_HH026,District_A,Village_3,80,Indoor,Net_B,5,14
195,7,2023,Village_9_HH026,District_A,Village_3,52,Outdoor,Net_B,5,14
197,7,2023,Village_11_HH019,District_A,Village_4,9,Indoor,Net_B,2,15
197,7,2023,Village_11_HH019,District_A,Village_4,2,Outdoor,Net_B,2,15
197,7,2023,Village_9_HH023,District_A,Village_4,100,Indoor,Net_B,6,15
197,7,2023,Village_9_HH023,District_A,Village_4,72,Outdoor,Net_B,6,15
199,7,2023,Village_11_HH024,District_A,Village_5,91,Indoor,Net_B,7,15
199,7,2023,Village_11_HH024,District_A,Village_5,10,Outdoor,Net_B,7,15
199,7,2023,Village_8_HH023,District_A,Village_5,51,Indoor,Net_B,4,15
199,7,2023,Village_8_HH023,District_A,Village_5,24,Outdoor,Net_B,4,15
201,7,2023,Village_3_HH005,District_A,Village_6,69,Indoor,Net_B,6,15
201,7,2023,Village_3_HH005,District_A,Village_6,78,Outdoor,Net_B,6,15
201,7,2023,Village_4_HH025,District_A,Village_6,56,Indoor,Net_B,6,15
201,7,2023,Village_4_HH025,District_A,Village_6,71,Outdoor,Net_B,6,15
203,7,2023,Village_4_HH009,District_B,Village_7,114,Indoor,Net_B,10,15
203,7,2023,Village_4_HH009,District_B,Village_7,23,Outdoor,Net_B,10,15
203,7,2023,Village_8_HH023,District_B,Village_7,52,Indoor,Net_B,4,15
203,7,2023,Village_8_HH023,District_B,Village_7,34,Outdoor,Net_B,4,15
205,7,2023,Village_10_HH012,District_B,Village_8,29,Indoor,Net_B,6,15
205,7,2023,Village_10_HH012,District_B,Village_8,138,Outdoor,Net_B,6,15
205,7,2023,Village_2_HH002,District_B,Village_8,23,Indoor,Net_B,5,15
205,7,2023,Village_2_HH002,District_B,Village_8,74,Outdoor,Net_B,5,15
207,7,2023,Village_2_HH028,District_B,Village_9,22,Indoor,Net_B,6,15
207,7,2023,Village_2_HH028,District_B,Village_9,18,Outdoor,Net_B,6,15
207,7,2023,Village_5_HH013,District_B,Village_9,110,Indoor,Net_B,6,15
207,7,2023,Village_5_HH013,District_B,Village_9,44,Outdoor,Net_B,6,15
209,7,2023,Village_3_HH018,District_B,Village_10,36,Indoor,Net_B,4,15
209,7,2023,Village_3_HH018,District_B,Village_10,24,Outdoor,Net_B,4,15
209,7,2023,Village_9_HH002,District_B,Village_10,93,Indoor,Net_B,4,15
209,7,2023,Village_9_HH002,District_B,Village_10,76,Outdoor,Net_B,4,15
211,7,2023,Village_12_HH017,District_B,Village_11,66,Indoor,Net_B,5,16
211,7,2023,Village_12_HH017,District_B,Village_11,154,Outdoor,Net_B,5,16
211,7,2023,Village_7_HH024,District_B,Village_11,132,Indoor,Net_B,7,16
211,7,2023,Village_7_HH024,District_B,Village_11,18,Outdoor,Net_B,7,16
213,8,2023,Village_4_HH026,District_B,Village_12,67,Indoor,Net_B,5,16
213,8,2023,Village_4_HH026,District_B,Village_12,57,Outdoor,Net_B,5,16
213,8,2023,Village_7_HH028,District_B,Village_12,101,Indoor,Net_B,7,16
213,8,2023,Village_7_HH028,District_B,Village_12,350,Outdoor,Net_B,7,16
215,8,2023,Village_4_HH004,District_A,Village_1,48,Indoor,Net_B,7,16
215,8,2023,Village_4_HH004,District_A,Village_1,117,Outdoor,Net_B,7,16
215,8,2023,Village_6_HH017,District_A,Village_1,66,Indoor,Net_B,7,16
215,8,2023,Village_6_HH017,District_A,Village_1,323,Outdoor,Net_B,7,16
217,8,2023,Village_10_HH012,District_A,Village_2,169,Indoor,Net_B,6,16
217,8,2023,Village_10_HH012,District_A,Village_2,26,Outdoor,Net_B,6,16
217,8,2023,Village_7_HH021,District_A,Village_2,52,Indoor,Net_B,4,16
217,8,2023,Village_7_HH021,District_A,Village_2,62,Outdoor,Net_B,4,16
219,8,2023,Village_12_HH017,District_A,Village_3,203,Indoor,Net_B,5,16
219,8,2023,Village_12_HH017,District_A,Village_3,44,Outdoor,Net_B,5,16
219,8,2023,Village_5_HH018,District_A,Village_3,156,Indoor,Net_B,5,16
219,8,2023,Village_5_HH018,District_A,Village_3,15,Outdoor,Net_B,5,16
221,8,2023,Village_2_HH010,District_A,Village_4,159,Indoor,Net_B,9,16
221,8,2023,Village_2_HH010,District_A,Village_4,63,Outdoor,Net_B,9,16
221,8,2023,Village_4_HH020,District_A,Village_4,16,Indoor,Net_B,4,16
221,8,2023,Village_4_HH020,District_A,Village_4,54,Outdoor,Net_B,4,16
223,8,2023,Village_7_HH008,District_A,Village_5,15,Indoor,Net_B,2,16
223,8,2023,Village_7_HH008,District_A,Village_5,0,Outdoor,Net_B,2,16
223,8,2023,Village_7_HH010,District_A,Village_5,54,Indoor,Net_B,6,16
223,8,2023,Village_7_HH010,District_A,Village_5,29,Outdoor,Net_B,6,16
225,8,2023,Village_4_HH014,District_A,Village_6,8,Indoor,Net_B,2,17
225,8,2023,Village_4_HH014,District_A,Village_6,33,Outdoor,Net_B,2,17
225,8,2023,Village_5_HH022,District_A,Village_6,24,Indoor,Net_B,8,17
225,8,2023,Village_5_HH022,District_A,Village_6,65,Outdoor,Net_B,8,17
227,8,2023,Village_5_HH013,District_B,Village_7,51,Indoor,Net_B,6,17
227,8,2023,Village_5_HH013,District_B,Village_7,158,Outdoor,Net_B,6,17
227,8,2023,Village_9_HH013,District_B,Village_7,47,Indoor,Net_B,3,17
227,8,2023,Village_9_HH013,District_B,Village_7,15,Outdoor,Net_B,3,17
229,8,2023,Village_12_HH018,District_B,Village_8,49,Indoor,Net_B,3,17
229,8,2023,Village_12_HH018,District_B,Village_8,38,Outdoor,Net_B,3,17
229,8,2023,Village_5_HH028,District_B,Village_8,43,Indoor,Net_B,4,17
229,8,2023,Village_5_HH028,District_B,Village_8,16,Outdoor,Net_B,4,17
231,8,2023,Village_1_HH003,District_B,Village_9,10,Indoor,Net_B,2,17
231,8,2023,Village_1_HH003,District_B,Village_9,5,Outdoor,Net_B,2,17
231,8,2023,Village_2_HH027,District_B,Village_9,59,Indoor,Net_B,10,17
231,8,2023,Village_2_HH027,District_B,Village_9,241,Outdoor,Net_B,10,17
233,8,2023,Village_10_HH012,District_B,Village_10,84,Indoor,Net_B,6,17
233,8,2023,Village_10_HH012,District_B,Village_10,9,Outdoor,Net_B,6,17
233,8,2023,Village_9_HH004,District_B,Village_10,79,Indoor,Net_B,8,17
233,8,2023,Village_9_HH004,District_B,Village_10,46,Outdoor,Net_B,8,17
235,8,2023,Village_12_HH011,District_B,Village_11,111,Indoor,Net_B,9,17
235,8,2023,Village_12_HH011,District_B,Village_11,84,Outdoor,Net_B,9,17
235,8,2023,Village_12_HH027,District_B,Village_11,67,Indoor,Net_B,5,17
235,8,2023,Village_12_HH027,District_B,Village_11,53,Outdoor,Net_B,5,17
237,8,2023,Village_10_HH008,District_B,Village_12,35,Indoor,Net_B,5,17
237,8,2023,Village_10_HH008,District_B,Village_12,15,Outdoor,Net_B,5,17
237,8,2023,Village_2_HH008,District_B,Village_12,12,Indoor,Net_B,3,17
237,8,2023,Village_2_HH008,District_B,Village_12,63,Outdoor,Net_B,3,17
239,8,2023,Village_10_HH007,District_A,Village_1,0,Indoor,Net_B,6,18
239,8,2023,Village_10_HH007,District_A,Village_1,18,Outdoor,Net_B,6,18
239,8,2023,Village_1_HH009,District_A,Village_1,1,Indoor,Net_B,3,18
239,8,2023,Village_1_HH009,District_A,Village_1,31,Outdoor,Net_B,3,18
241,8,2023,Village_1_HH008,District_A,Village_2,9,Indoor,Net_B,4,18
241,8,2023,Village_1_HH008,District_A,Village_2,12,Outdoor,Net_B,4,18
241,8,2023,Village_3_HH020,District_A,Village_2,8,Indoor,Net_B,4,18
241,8,2023,Village_3_HH020,District_A,Village_2,17,Outdoor,Net_B,4,18
243,8,2023,Village_2_HH029,District_A,Village_3,26,Indoor,Net_B,5,18
243,8,2023,Village_2_HH029,District_A,Village_3,14,Outdoor,Net_B,5,18
243,8,2023,Village_9_HH021,District_A,Village_3,13,Indoor,Net_B,4,18
243,8,2023,Village_9_HH021,District_A,Village_3,14,Outdoor,Net_B,4,18
245,9,2023,Village_12_HH019,District_A,Village_4,8,Indoor,Net_B,7,18
245,9,2023,Village_12_HH019,District_A,Village_4,90,Outdoor,Net_B,7,18
245,9,2023,Village_2_HH017,District_A,Village_4,2,Indoor,Net_B,2,18
245,9,2023,Village_2_HH017,District_A,Village_4,7,Outdoor,Net_B,2,18
247,9,2023,Village_7_HH005,District_A,Village_5,68,Indoor,Net_B,7,18
247,9,2023,Village_7_HH005,District_A,Village_5,31,Outdoor,Net_B,7,18
247,9,2023,Village_9_HH014,District_A,Village_5,31,Indoor,Net_B,8,18
247,9,2023,Village_9_HH014,District_A,Village_5,33,Outdoor,Net_B,8,18
249,9,2023,Village_4_HH029,District_A,Village_6,41,Indoor,Net_B,6,18
249,9,2023,Village_4_HH029,District_A,Village_6,17,Outdoor,Net_B,6,18
249,9,2023,Village_7_HH019,District_A,Village_6,3,Indoor,Net_B,2,18
249,9,2023,Village_7_HH019,District_A,Village_6,1,Outdoor,Net_B,2,18
251,9,2023,Village_12_HH019,District_B,Village_7,25,Indoor,Net_B,7,18
251,9,2023,Village_12_HH019,District_B,Village_7,30,Outdoor,Net_B,7,18
251,9,2023,Village_6_HH016,District_B,Village_7,151,Indoor,Net_B,7,18
251,9,2023,Village_6_HH016,District_B,Village_7,9,Outdoor,Net_B,7,18
253,9,2023,Village_1_HH009,District_B,Village_8,9,Indoor,Net_B,3,19
253,9,2023,Village_1_HH009,District_B,Village_8,3,Outdoor,Net_B,3,19
253,9,2023,Village_3_HH025,District_B,Village_8,33,Indoor,Net_B,6,19
253,9,2023,Village_3_HH025,District_B,Village_8,9,Outdoor,Net_B,6,19
255,9,2023,Village_2_HH025,District_B,Village_9,4,Indoor,Net_B,5,19
255,9,2023,Village_2_HH025,District_B,Village_9,9,Outdoor,Net_B,5,19
255,9,2023,Village_7_HH021,District_B,Village_9,17,Indoor,Net_B,4,19
255,9,2023,Village_7_HH021,District_B,Village_9,5,Outdoor,Net_B,4,19
257,9,2023,Village_10_HH030,District_B,Village_10,17,Indoor,Net_B,8,19
257,9,2023,Village_10_HH030,District_B,Village_10,9,Outdoor,Net_B,8,19
257,9,2023,Village_12_HH011,District_B,Village_10,51,Indoor,Net_B,9,19
257,9,2023,Village_12_HH011,District_B,Village_10,22,Outdoor,Net_B,9,19
259,9,2023,Village_2_HH006,District_B,Village_11,10,Indoor,Net_B,5,19
259,9,2023,Village_2_HH006,District_B,Village_11,2,Outdoor,Net_B,5,19
259,9,2023,Village_7_HH028,District_B,Village_11,41,Indoor,Net_B,7,19
259,9,2023,Village_7_HH028,District_B,Village_11,13,Outdoor,Net_B,7,19
261,9,2023,Village_10_HH012,District_B,Village_12,4,Indoor,Net_B,6,19
261,9,2023,Village_10_HH012,District_B,Village_12,9,Outdoor,Net_B,6,19
261,9,2023,Village_5_HH013,District_B,Village_12,54,Indoor,Net_B,6,19
261,9,2023,Village_5_HH013,District_B,Village_12,7,Outdoor,Net_B,6,19
263,9,2023,Village_2_HH002,District_A,Village_1,5,Indoor,Net_B,5,19
263,9,2023,Village_2_HH002,District_A,Village_1,4,Outdoor,Net_B,5,19
263,9,2023,Village_7_HH014,District_A,Village_1,13,Indoor,Net_B,8,19
263,9,2023,Village_7_HH014,District_A,Village_1,4,Outdoor,Net_B,8,19
265,9,2023,Village_5_HH011,District_A,Village_2,7,Indoor,Net_B,10,19
265,9,2023,Village_5_HH011,District_A,Village_2,7,Outdoor,Net_B,10,19
265,9,2023,Village_8_HH024,District_A,Village_2,2,Indoor,Net_B,3,19
265,9,2023,Village_8_HH024,District_A,Village_2,0,Outdoor,Net_B,3,19
267,9,2023,Village_10_HH015,District_A,Village_3,1,Indoor,Net_B,6,20
267,9,2023,Village_10_HH015,District_A,Village_3,11,Outdoor,Net_B,6,20
267,9,2023,Village_6_HH012,District_A,Village_3,6,Indoor,Net_B,6,20
267,9,2023,Village_6_HH012,District_A,Village_3,1,Outdoor,Net_B,6,20
269,9,2023,Village_3_HH009,District_A,Village_4,2,Indoor,Net_B,6,20
269,9,2023,Village_3_HH009,District_A,Village_4,10,Outdoor,Net_B,6,20
269,9,2023,Village_8_HH012,District_A,Village_4,8,Indoor,Net_B,3,20
269,9,2023,Village_8_HH012,District_A,Village_4,0,Outdoor,Net_B,3,20
271,9,2023,Village_10_HH024,District_A,Village_5,6,Indoor,Net_B,7,20
271,9,2023,Village_10_HH024,District_A,Village_5,13,Outdoor,Net_B,7,20
271,9,2023,Village_1_HH009,District_A,Village_5,0,Indoor,Net_B,3,20
271,9,2023,Village_1_HH009,District_A,Village_5,3,Outdoor,Net_B,3,20
273,9,2023,Village_3_HH010,District_A,Village_6,1,Indoor,Net_B,6,20
273,9,2023,Village_3_HH010,District_A,Village_6,0,Outdoor,Net_B,6,20
273,9,2023,Village_8_HH006,District_A,Village_6,7,Indoor,Net_B,7,20
273,9,2023,Village_8_HH006,District_A,Village_6,1,Outdoor,Net_B,7,20
275,10,2023,Village_1_HH010,District_B,Village_7,3,Indoor,Net_B,6,20
275,10,2023,Village_1_HH010,District_B,Village_7,2,Outdoor,Net_B,6,20
275,10,2023,Village_8_HH008,District_B,Village_7,2,Indoor,Net_B,3,20
275,10,2023,Village_8_HH008,District_B,Village_7,8,Outdoor,Net_B,3,20
277,10,2023,Village_10_HH018,District_B,Village_8,3,Indoor,Net_B,4,20
277,10,2023,Village_10_HH018,District_B,Village_8,0,Outdoor,Net_B,4,20
277,10,2023,Village_4_HH019,District_B,Village_8,1,Indoor,Net_B,2,20
277,10,2023,Village_4_HH019,District_B,Village_8,3,Outdoor,Net_B,2,20
279,10,2023,Village_11_HH019,District_B,Village_9,0,Indoor,Net_B,2,20
279,10,2023,Village_11_HH019,District_B,Village_9,5,Outdoor,Net_B,2,20
279,10,2023,Village_4_HH010,District_B,Village_9,5,Indoor,Net_B,9,20
279,10,2023,Village_4_HH010,District_B,Village_9,1,Outdoor,Net_B,9,20
281,10,2023,Village_2_HH017,District_B,Village_10,2,Indoor,Net_B,2,21
281,10,2023,Village_2_HH017,District_B,Village_10,0,Outdoor,Net_B,2,21
281,10,2023,Village_9_HH014,District_B,Village_10,2,Indoor,Net_B,8,21
281,10,2023,Village_9_HH014,District_B,Village_10,7,Outdoor,Net_B,8,21
283,10,2023,Village_1_HH007,District_B,Village_11,2,Indoor,Net_B,3,21
283,10,2023,Village_1_HH007,District_B,Village_11,1,Outdoor,Net_B,3,21
283,10,2023,Village_9_HH025,District_B,Village_11,2,Indoor,Net_B,5,21
283,10,2023,Village_9_HH025,District_B,Village_11,1,Outdoor,Net_B,5,21
285,10,2023,Village_3_HH030,District_B,Village_12,0,Indoor,Net_B,4,21
285,10,2023,Village_3_HH030,District_B,Village_12,2,Outdoor,Net_B,4,21
285,10,2023,Village_5_HH011,District_B,Village_12,6,Indoor,Net_B,10,21
285,10,2023,Village_5_HH011,District_B,Village_12,1,Outdoor,Net_B,10,21
287,10,2023,Village_3_HH029,District_A,Village_1,3,Indoor,Net_B,9,21
287,10,2023,Village_3_HH029,District_A,Village_1,1,Outdoor,Net_B,9,21
287,10,2023,Village_6_HH018,District_A,Village_1,3,Indoor,Net_B,7,21
287,10,2023,Village_6_HH018,District_A,Village_1,1,Outdoor,Net_B,7,21
289,10,2023,Village_10_HH010,District_A,Village_2,0,Indoor,Net_B,4,21
289,10,2023,Village_10_HH010,District_A,Village_2,0,Outdoor,Net_B,4,21
289,10,2023,Village_9_HH004,District_A,Village_2,0,Indoor,Net_B,8,21
289,10,2023,Village_9_HH004,District_A,Village_2,0,Outdoor,Net_B,8,21
291,10,2023,Village_3_HH015,District_A,Village_3,1,Indoor,Net_B,5,21
291,10,2023,Village_3_HH015,District_A,Village_3,0,Outdoor,Net_B,5,21
291,10,2023,Village_6_HH016,District_A,Village_3,0,Indoor,Net_B,7,21
291,10,2023,Village_6_HH016,District_A,Village_3,0,Outdoor,Net_B,7,21
293,10,2023,Village_3_HH010,District_A,Village_4,0,Indoor,Net_B,6,21
293,10,2023,Village_3_HH010,District_A,Village_4,2,Outdoor,Net_B,6,21
293,10,2023,Village_8_HH005,District_A,Village_4,0,Indoor,Net_B,10,21
293,10,2023,Village_8_HH005,District_A,Village_4,2,Outdoor,Net_B,10,21
295,10,2023,Village_11_HH011,District_A,Village_5,0,Indoor,Net_B,6,22
295,10,2023,Village_11_HH011,District_A,Village_5,0,Outdoor,Net_B,6,22
295,10,2023,Village_9_HH010,District_A,Village_5,1,Indoor,Net_B,6,22
295,10,2023,Village_9_HH010,District_A,Village_5,0,Outdoor,Net_B,6,22
297,10,2023,Village_11_HH016,District_A,Village_6,0,Indoor,Net_B,7,22
297,10,2023,Village_11_HH016,District_A,Village_6,0,Outdoor,Net_B,7,22
297,10,2023,Village_9_HH023,District_A,Village_6,0,Indoor,Net_B,6,22
297,10,2023,Village_9_HH023,District_A,Village_6,0,Outdoor,Net_B,6,22
299,10,2023,Village_1_HH006,District_B,Village_7,0,Indoor,Net_B,5,22
299,10,2023,Village_1_HH006,District_B,Village_7,0,Outdoor,Net_B,5,22
299,10,2023,Village_8_HH026,District_B,Village_7,0,Indoor,Net_B,7,22
299,10,2023,Village_8_HH026,District_B,Village_7,0,Outdoor,Net_B,7,22
301,10,2023,Village_10_HH016,District_B,Village_8,1,Indoor,Net_B,7,22
301,10,2023,Village_10_HH016,District_B,Village_8,0,Outdoor,Net_B,7,22
301,10,2023,Village_9_HH013,District_B,Village_8,0,Indoor,Net_B,3,22
301,10,2023,Village_9_HH013,District_B,Village_8,0,Outdoor,Net_B,3,22
303,10,2023,Village_1_HH019,District_B,Village_9,0,Indoor,Net_B,2,22
303,10,2023,Village_1_HH019,District_B,Village_9,0,Outdoor,Net_B,2,22
303,10,2023,Village_4_HH006,District_B,Village_9,2,Indoor,Net_B,7,22
303,10,2023,Village_4_HH006,District_B,Village_9,0,Outdoor,Net_B,7,22
